,Date,Time,Open,High,Low,Close,Volume
0,2020-04-13,01:51:00,152.98,153.01,152.86,152.91,208.95387
1,2020-04-13,01:52:00,152.95,153.12,152.89,153.03,512.04956
2,2020-04-13,01:53:00,153.04,153.12,152.94,153.08,327.66464
3,2020-04-13,01:54:00,153.04,153.09,152.85,152.89,285.13515
4,2020-04-13,01:55:00,152.89,153.21,152.83,153.16,954.40973
5,2020-04-13,01:56:00,153.17,153.4,153.15,153.15,1535.69456
6,2020-04-13,01:57:00,153.16,153.23,153.0,153.0,219.99653
7,2020-04-13,01:58:00,153.0,153.2,152.95,153.16,373.23223
8,2020-04-13,01:59:00,153.16,153.62,153.12,153.51,1216.54493
9,2020-04-13,02:00:00,153.5,153.5,153.06,153.25,572.11514
10,2020-04-13,02:01:00,153.23,153.26,152.98,153.08,781.08976
11,2020-04-13,02:02:00,153.08,153.09,152.76,152.76,873.96677
12,2020-04-13,02:03:00,152.78,152.85,152.56,152.63,754.25692
13,2020-04-13,02:04:00,152.62,152.78,152.57,152.6,666.1953
14,2020-04-13,02:05:00,152.59,152.81,152.56,152.68,466.18342
15,2020-04-13,02:06:00,152.69,152.79,152.59,152.74,678.87682
16,2020-04-13,02:07:00,152.77,152.79,152.61,152.65,324.42313
17,2020-04-13,02:08:00,152.65,152.72,152.58,152.59,244.0967
18,2020-04-13,02:09:00,152.58,152.65,152.5,152.55,516.49088
19,2020-04-13,02:10:00,152.54,152.62,152.34,152.49,1180.43245
20,2020-04-13,02:11:00,152.49,152.71,152.43,152.71,417.20344
21,2020-04-13,02:12:00,152.71,153.25,152.64,153.14,1226.80362
22,2020-04-13,02:13:00,153.18,153.38,153.13,153.22,647.89601
23,2020-04-13,02:14:00,153.22,153.49,153.22,153.45,836.62315
24,2020-04-13,02:15:00,153.38,153.43,153.03,153.09,384.9412
25,2020-04-13,02:16:00,153.09,153.31,153.03,153.26,477.48144
26,2020-04-13,02:17:00,153.27,153.31,153.05,153.11,702.7514
27,2020-04-13,02:18:00,153.08,153.38,153.05,153.2,476.29831
28,2020-04-13,02:19:00,153.21,153.3,153.13,153.16,283.31759
29,2020-04-13,02:20:00,153.13,153.4,153.13,153.4,269.35574
30,2020-04-13,02:21:00,153.39,153.54,153.33,153.51,495.24747
31,2020-04-13,02:22:00,153.5,153.64,153.46,153.6,649.84707
32,2020-04-13,02:23:00,153.61,153.77,153.61,153.71,660.47313
33,2020-04-13,02:24:00,153.71,153.71,153.28,153.31,801.5742
34,2020-04-13,02:25:00,153.39,153.64,153.37,153.57,1308.32942
35,2020-04-13,02:26:00,153.58,153.62,153.31,153.34,832.90899
36,2020-04-13,02:27:00,153.35,153.45,153.32,153.34,326.84294
37,2020-04-13,02:28:00,153.32,153.48,153.25,153.45,606.30773
38,2020-04-13,02:29:00,153.46,153.52,153.17,153.19,329.7934
39,2020-04-13,02:30:00,153.21,153.25,152.94,153.17,913.25642
40,2020-04-13,02:31:00,153.13,153.14,152.8,152.85,918.41649
41,2020-04-13,02:32:00,152.85,153.0,152.68,152.8,522.71186
42,2020-04-13,02:33:00,152.76,152.81,152.67,152.78,389.08937
43,2020-04-13,02:34:00,152.84,152.99,152.74,152.96,532.80119
44,2020-04-13,02:35:00,152.97,153.15,152.9,153.05,376.25745
45,2020-04-13,02:36:00,153.01,153.16,153.01,153.1,183.24732
46,2020-04-13,02:37:00,153.1,153.16,152.88,152.91,518.57598
47,2020-04-13,02:38:00,152.91,153.01,152.86,152.96,106.87147
48,2020-04-13,02:39:00,152.96,153.14,152.93,153.13,556.64525
49,2020-04-13,02:40:00,153.08,153.15,153.02,153.1,68.44512
50,2020-04-13,02:41:00,153.12,153.27,153.0,153.0,476.71956
51,2020-04-13,02:42:00,152.98,153.01,152.93,152.99,195.52961
52,2020-04-13,02:43:00,152.99,153.08,152.92,153.08,278.5424
53,2020-04-13,02:44:00,153.09,153.36,153.09,153.3,416.86602
54,2020-04-13,02:45:00,153.3,153.41,153.13,153.34,415.67742
55,2020-04-13,02:46:00,153.35,153.61,153.35,153.58,628.73173
56,2020-04-13,02:47:00,153.58,153.69,153.48,153.58,270.36748
57,2020-04-13,02:48:00,153.6,153.7,153.43,153.7,637.33257
58,2020-04-13,02:49:00,153.7,153.88,153.64,153.76,1342.96569
59,2020-04-13,02:50:00,153.77,154.0,153.75,153.84,756.92898
60,2020-04-13,02:51:00,153.84,153.89,153.73,153.87,541.91509
61,2020-04-13,02:52:00,153.84,153.84,153.62,153.66,356.48618
62,2020-04-13,02:53:00,153.65,153.71,153.57,153.7,258.3127
63,2020-04-13,02:54:00,153.7,153.72,153.56,153.6,231.04836
64,2020-04-13,02:55:00,153.59,153.76,153.56,153.72,540.28917
65,2020-04-13,02:56:00,153.74,153.75,153.53,153.68,286.96007
66,2020-04-13,02:57:00,153.61,153.86,153.55,153.83,328.31774
67,2020-04-13,02:58:00,153.83,153.95,153.79,153.9,208.71605
68,2020-04-13,02:59:00,153.9,154.09,153.87,154.01,994.59888
69,2020-04-13,03:00:00,154.0,154.0,153.26,153.35,1299.39331
70,2020-04-13,03:01:00,153.36,153.43,153.22,153.28,368.20069
71,2020-04-13,03:02:00,153.25,153.71,153.25,153.71,934.7722
72,2020-04-13,03:03:00,153.7,153.73,153.47,153.51,250.43858
73,2020-04-13,03:04:00,153.49,153.67,153.49,153.6,186.06214
74,2020-04-13,03:05:00,153.62,153.77,153.55,153.69,538.35021
75,2020-04-13,03:06:00,153.71,153.73,153.6,153.65,222.16504
76,2020-04-13,03:07:00,153.66,153.77,153.59,153.61,432.09248
77,2020-04-13,03:08:00,153.6,153.6,153.37,153.46,573.1883
78,2020-04-13,03:09:00,153.43,153.55,153.39,153.43,258.57521
79,2020-04-13,03:10:00,153.48,153.52,153.31,153.4,277.89823
80,2020-04-13,03:11:00,153.4,153.45,153.19,153.24,568.80207
81,2020-04-13,03:12:00,153.28,153.43,153.19,153.28,518.19741
82,2020-04-13,03:13:00,153.31,153.5,153.28,153.37,655.49115
83,2020-04-13,03:14:00,153.36,153.54,153.36,153.43,227.77743
84,2020-04-13,03:15:00,153.4,153.75,153.37,153.75,274.81066
85,2020-04-13,03:16:00,153.7,153.9,153.69,153.86,676.85279
86,2020-04-13,03:17:00,153.84,153.87,153.62,153.71,376.0423
87,2020-04-13,03:18:00,153.71,153.75,153.59,153.64,618.70989
88,2020-04-13,03:19:00,153.66,153.8,153.61,153.79,494.773
89,2020-04-13,03:20:00,153.76,153.79,153.67,153.7,407.88776
90,2020-04-13,03:21:00,153.7,153.85,153.67,153.71,339.4126
91,2020-04-13,03:22:00,153.73,153.78,153.61,153.75,230.18084
92,2020-04-13,03:23:00,153.7,153.7,153.46,153.5,470.8775
93,2020-04-13,03:24:00,153.51,153.51,153.21,153.26,372.15761
94,2020-04-13,03:25:00,153.29,153.34,153.19,153.25,1289.0427
95,2020-04-13,03:26:00,153.24,153.29,153.15,153.21,255.99001
96,2020-04-13,03:27:00,153.2,153.23,153.06,153.1,532.17239
97,2020-04-13,03:28:00,153.1,153.13,152.98,153.13,987.32888
98,2020-04-13,03:29:00,153.13,153.27,153.07,153.14,430.98869
99,2020-04-13,03:30:00,153.16,153.19,152.88,152.93,524.38866
100,2020-04-13,03:31:00,152.91,152.97,152.77,152.93,523.87678
101,2020-04-13,03:32:00,152.93,153.2,152.9,153.11,682.58959
102,2020-04-13,03:33:00,153.11,153.18,153.03,153.05,326.89737
103,2020-04-13,03:34:00,153.07,153.1,152.99,153.04,235.02941
104,2020-04-13,03:35:00,153.06,153.12,152.97,153.04,686.4882
105,2020-04-13,03:36:00,153.04,153.29,153.04,153.27,356.25564
106,2020-04-13,03:37:00,153.24,153.35,153.2,153.29,342.0354
107,2020-04-13,03:38:00,153.3,153.32,153.22,153.32,149.9065
108,2020-04-13,03:39:00,153.28,153.33,153.19,153.24,239.76833
109,2020-04-13,03:40:00,153.23,153.31,153.08,153.08,565.64046
110,2020-04-13,03:41:00,153.07,153.11,152.92,152.92,402.0946
111,2020-04-13,03:42:00,152.91,153.05,152.83,152.84,286.26511
112,2020-04-13,03:43:00,152.86,152.92,152.7,152.76,288.6986
113,2020-04-13,03:44:00,152.76,152.83,152.57,152.61,441.77402
114,2020-04-13,03:45:00,152.64,152.69,152.5,152.61,600.40219
115,2020-04-13,03:46:00,152.6,152.77,152.56,152.71,356.71432
116,2020-04-13,03:47:00,152.73,152.73,152.55,152.6,270.84068
117,2020-04-13,03:48:00,152.63,153.0,152.57,153.0,733.25814
118,2020-04-13,03:49:00,152.98,152.99,152.7,152.79,255.44345
119,2020-04-13,03:50:00,152.76,152.76,152.58,152.67,329.30994
120,2020-04-13,03:51:00,152.65,152.69,152.42,152.47,705.63303
121,2020-04-13,03:52:00,152.48,152.58,152.42,152.47,377.11782
122,2020-04-13,03:53:00,152.42,152.67,152.38,152.64,541.70464
123,2020-04-13,03:54:00,152.63,152.63,152.28,152.39,560.22658
124,2020-04-13,03:55:00,152.39,152.39,152.2,152.2,403.13151
125,2020-04-13,03:56:00,152.2,152.43,152.14,152.31,772.06773
126,2020-04-13,03:57:00,152.32,152.4,152.18,152.32,527.2571
127,2020-04-13,03:58:00,152.37,152.49,152.3,152.43,232.28157
128,2020-04-13,03:59:00,152.43,152.47,152.27,152.36,299.21638
129,2020-04-13,04:00:00,152.32,152.32,151.61,151.67,3269.94092
130,2020-04-13,04:01:00,151.74,151.77,151.38,151.53,2187.57009
131,2020-04-13,04:02:00,151.5,151.56,151.11,151.5,1757.37601
132,2020-04-13,04:03:00,151.52,151.78,151.51,151.75,721.87503
133,2020-04-13,04:04:00,151.71,151.87,151.64,151.73,1343.42329
134,2020-04-13,04:05:00,151.7,151.7,151.39,151.59,980.2112
135,2020-04-13,04:06:00,151.61,151.97,151.53,151.95,485.22947
136,2020-04-13,04:07:00,151.94,152.23,151.94,152.23,628.38062
137,2020-04-13,04:08:00,152.23,152.25,152.07,152.14,416.45577
138,2020-04-13,04:09:00,152.18,152.21,152.13,152.19,237.45079
139,2020-04-13,04:10:00,152.14,152.63,152.11,152.51,938.00674
140,2020-04-13,04:11:00,152.5,152.62,152.37,152.39,496.22763
141,2020-04-13,04:12:00,152.48,152.72,152.46,152.6,1087.51658
142,2020-04-13,04:13:00,152.52,152.72,152.51,152.7,195.87515
143,2020-04-13,04:14:00,152.69,152.76,152.59,152.68,1471.29818
144,2020-04-13,04:15:00,152.7,152.84,152.39,152.47,839.40849
145,2020-04-13,04:16:00,152.47,152.72,152.47,152.57,402.19843
146,2020-04-13,04:17:00,152.57,152.64,152.43,152.54,452.89931
147,2020-04-13,04:18:00,152.5,152.59,152.47,152.47,348.16953
148,2020-04-13,04:19:00,152.54,152.59,152.3,152.33,419.61474
149,2020-04-13,04:20:00,152.33,152.41,152.22,152.41,564.43105
150,2020-04-13,04:21:00,152.42,152.64,152.29,152.64,502.66099
151,2020-04-13,04:22:00,152.61,152.65,152.5,152.65,178.93368
152,2020-04-13,04:23:00,152.6,152.66,152.48,152.5,187.24451
153,2020-04-13,04:24:00,152.48,152.55,152.42,152.49,255.07796
154,2020-04-13,04:25:00,152.47,152.62,152.42,152.62,523.55154
155,2020-04-13,04:26:00,152.59,152.96,152.58,152.91,823.59598
156,2020-04-13,04:27:00,152.9,153.14,152.85,153.03,813.99948
157,2020-04-13,04:28:00,153.06,153.14,152.96,153.1,407.05817
158,2020-04-13,04:29:00,153.09,153.13,152.89,152.89,1033.97342
159,2020-04-13,04:30:00,152.89,152.93,152.73,152.87,1536.56282
160,2020-04-13,04:31:00,152.84,153.08,152.84,153.0,361.89329
161,2020-04-13,04:32:00,153.02,153.06,152.8,152.8,246.95796
162,2020-04-13,04:33:00,152.81,153.16,152.81,153.1,580.72601
163,2020-04-13,04:34:00,153.1,153.13,152.95,153.08,557.3621
164,2020-04-13,04:35:00,153.05,153.22,152.95,152.95,326.74397
165,2020-04-13,04:36:00,152.93,152.93,152.75,152.85,243.5942
166,2020-04-13,04:37:00,152.83,152.97,152.79,152.96,291.84035
167,2020-04-13,04:38:00,152.96,153.14,152.92,153.09,416.77689
168,2020-04-13,04:39:00,153.08,153.08,152.85,152.95,165.73581
169,2020-04-13,04:40:00,152.92,152.99,152.87,152.88,228.83783
170,2020-04-13,04:41:00,152.88,153.39,152.83,153.31,587.2734
171,2020-04-13,04:42:00,153.28,153.37,153.21,153.29,682.91972
172,2020-04-13,04:43:00,153.32,153.32,153.15,153.22,389.30016
173,2020-04-13,04:44:00,153.21,153.4,153.17,153.35,504.43653
174,2020-04-13,04:45:00,153.35,153.35,153.23,153.25,92.83561
175,2020-04-13,04:46:00,153.25,153.36,153.12,153.18,507.05068
176,2020-04-13,04:47:00,153.18,153.44,153.14,153.31,589.15392
177,2020-04-13,04:48:00,153.27,153.28,153.06,153.18,634.41085
178,2020-04-13,04:49:00,153.18,153.23,152.92,152.95,332.42519
179,2020-04-13,04:50:00,152.94,153.19,152.94,153.19,582.27095
180,2020-04-13,04:51:00,153.19,153.35,153.12,153.27,241.27676
181,2020-04-13,04:52:00,153.28,153.29,153.12,153.25,382.32508
182,2020-04-13,04:53:00,153.26,153.3,153.13,153.3,177.31747
183,2020-04-13,04:54:00,153.29,153.38,153.24,153.26,201.15094
184,2020-04-13,04:55:00,153.28,153.4,152.87,152.87,588.41904
185,2020-04-13,04:56:00,152.86,152.94,152.77,152.86,458.22751
186,2020-04-13,04:57:00,152.86,153.11,152.86,153.11,350.09869
187,2020-04-13,04:58:00,153.08,153.08,152.79,152.84,346.85196
188,2020-04-13,04:59:00,152.84,152.85,152.63,152.68,879.33293
189,2020-04-13,05:00:00,152.67,152.67,152.45,152.47,646.94905
190,2020-04-13,05:01:00,152.45,152.78,152.44,152.78,733.47703
191,2020-04-13,05:02:00,152.78,152.91,152.61,152.91,850.85692
192,2020-04-13,05:03:00,152.92,153.19,152.91,153.0,809.67275
193,2020-04-13,05:04:00,153.0,153.08,152.95,153.01,158.10898
194,2020-04-13,05:05:00,153.02,153.05,152.89,152.99,226.85757
195,2020-04-13,05:06:00,152.97,153.13,152.92,153.04,451.702
196,2020-04-13,05:07:00,153.04,153.09,152.91,153.01,293.57877
197,2020-04-13,05:08:00,153.0,153.08,152.94,153.06,94.50452
198,2020-04-13,05:09:00,153.05,153.07,152.88,153.04,434.59227
199,2020-04-13,05:10:00,153.02,153.05,152.72,152.84,538.89194
200,2020-04-13,05:11:00,152.85,152.85,152.7,152.79,158.27628
201,2020-04-13,05:12:00,152.74,153.11,152.73,153.01,678.72643
202,2020-04-13,05:13:00,153.01,153.2,152.98,153.12,372.87268
203,2020-04-13,05:14:00,153.12,153.2,153.06,153.17,295.67315
204,2020-04-13,05:15:00,153.17,153.26,153.1,153.18,256.58923
205,2020-04-13,05:16:00,153.18,153.21,153.05,153.11,251.62553
206,2020-04-13,05:17:00,153.11,153.2,153.09,153.14,126.86755
207,2020-04-13,05:18:00,153.15,153.28,153.13,153.14,214.30464
208,2020-04-13,05:19:00,153.16,153.24,153.02,153.14,195.23812
209,2020-04-13,05:20:00,153.11,153.11,152.92,152.96,327.75164
210,2020-04-13,05:21:00,152.97,153.0,152.82,152.86,171.11725
211,2020-04-13,05:22:00,152.83,152.92,152.8,152.9,638.55239
212,2020-04-13,05:23:00,152.92,153.07,152.91,153.0,282.88606
213,2020-04-13,05:24:00,152.99,153.07,152.96,152.99,127.35699
214,2020-04-13,05:25:00,152.99,153.04,152.97,153.03,50.11904
215,2020-04-13,05:26:00,153.03,153.03,152.86,153.0,529.62441
216,2020-04-13,05:27:00,152.99,153.03,152.88,153.01,125.02024
217,2020-04-13,05:28:00,153.01,153.03,152.91,152.98,168.98857
218,2020-04-13,05:29:00,152.95,153.07,152.91,153.06,248.31407
219,2020-04-13,05:30:00,153.07,153.07,152.8,152.8,543.95345
220,2020-04-13,05:31:00,152.82,152.87,152.78,152.85,332.4187
221,2020-04-13,05:32:00,152.83,152.9,152.76,152.8,261.20757
222,2020-04-13,05:33:00,152.81,152.95,152.8,152.83,255.12512
223,2020-04-13,05:34:00,152.83,152.92,152.76,152.85,176.37199
224,2020-04-13,05:35:00,152.85,152.87,152.79,152.84,159.87046
225,2020-04-13,05:36:00,152.82,152.82,152.57,152.57,721.56607
226,2020-04-13,05:37:00,152.57,152.61,152.5,152.5,656.72102
227,2020-04-13,05:38:00,152.5,152.61,152.43,152.49,538.32799
228,2020-04-13,05:39:00,152.46,152.72,152.41,152.68,462.4498
229,2020-04-13,05:40:00,152.68,152.72,152.56,152.64,404.23919
230,2020-04-13,05:41:00,152.64,152.68,152.56,152.62,217.91915
231,2020-04-13,05:42:00,152.61,152.65,152.4,152.53,959.12109
232,2020-04-13,05:43:00,152.53,152.64,152.42,152.54,187.36762
233,2020-04-13,05:44:00,152.62,152.75,152.59,152.59,240.92945
234,2020-04-13,05:45:00,152.66,152.77,152.53,152.58,658.16622
235,2020-04-13,05:46:00,152.54,152.66,152.54,152.61,238.57266
236,2020-04-13,05:47:00,152.61,152.7,152.58,152.64,459.07178
237,2020-04-13,05:48:00,152.63,152.72,152.55,152.57,473.24127
238,2020-04-13,05:49:00,152.6,152.6,152.32,152.32,566.68685
239,2020-04-13,05:50:00,152.33,152.36,152.24,152.26,685.89576
240,2020-04-13,05:51:00,152.31,152.38,152.24,152.28,416.94455
241,2020-04-13,05:52:00,152.28,152.47,152.23,152.44,818.93542
242,2020-04-13,05:53:00,152.44,152.45,152.21,152.26,635.5239
243,2020-04-13,05:54:00,152.23,152.28,152.12,152.17,521.78342
244,2020-04-13,05:55:00,152.15,152.17,151.98,152.07,975.62801
245,2020-04-13,05:56:00,152.09,152.3,152.08,152.29,502.24722
246,2020-04-13,05:57:00,152.29,152.3,152.13,152.24,296.84711
247,2020-04-13,05:58:00,152.25,152.48,152.25,152.42,560.44674
248,2020-04-13,05:59:00,152.43,152.43,152.19,152.23,436.69053
249,2020-04-13,06:00:00,152.23,152.23,152.01,152.02,830.46959
250,2020-04-13,06:01:00,152.02,152.09,151.84,151.88,1191.05343
251,2020-04-13,06:02:00,151.9,152.1,151.85,152.09,512.53909
252,2020-04-13,06:03:00,152.08,152.2,151.98,152.11,352.38166
253,2020-04-13,06:04:00,152.12,152.28,152.11,152.28,488.59026
254,2020-04-13,06:05:00,152.28,152.4,152.21,152.39,781.71079
255,2020-04-13,06:06:00,152.36,152.56,152.29,152.52,333.34378
256,2020-04-13,06:07:00,152.54,152.79,152.53,152.71,361.9339
257,2020-04-13,06:08:00,152.72,152.79,152.6,152.78,572.70871
258,2020-04-13,06:09:00,152.76,152.85,152.7,152.75,421.38949
259,2020-04-13,06:10:00,152.77,153.16,152.75,153.13,1632.33537
260,2020-04-13,06:11:00,153.12,153.41,153.12,153.16,1282.34715
261,2020-04-13,06:12:00,153.15,153.15,152.99,153.15,672.68687
262,2020-04-13,06:13:00,153.14,153.14,153.0,153.06,1210.42774
263,2020-04-13,06:14:00,153.06,153.11,152.99,153.08,511.81539
264,2020-04-13,06:15:00,153.08,153.2,153.06,153.14,501.42731
265,2020-04-13,06:16:00,153.16,153.16,153.0,153.08,411.66024
266,2020-04-13,06:17:00,153.08,153.2,153.08,153.12,508.59853
267,2020-04-13,06:18:00,153.11,153.12,153.01,153.06,277.9979
268,2020-04-13,06:19:00,153.09,153.09,152.98,153.01,236.35812
269,2020-04-13,06:20:00,153.0,153.05,152.82,152.88,415.87325
270,2020-04-13,06:21:00,152.9,152.95,152.81,152.92,203.53559
271,2020-04-13,06:22:00,152.9,153.14,152.83,153.11,325.97563
272,2020-04-13,06:23:00,153.14,153.2,153.05,153.16,317.39724
273,2020-04-13,06:24:00,153.17,153.18,153.02,153.05,223.50911
274,2020-04-13,06:25:00,153.05,153.19,153.03,153.19,317.70909
275,2020-04-13,06:26:00,153.2,153.4,153.2,153.38,624.65281
276,2020-04-13,06:27:00,153.4,153.42,153.25,153.25,312.07716
277,2020-04-13,06:28:00,153.26,153.44,153.26,153.39,182.10992
278,2020-04-13,06:29:00,153.39,153.42,153.27,153.42,233.93319
279,2020-04-13,06:30:00,153.42,153.75,153.42,153.74,912.30181
280,2020-04-13,06:31:00,153.74,153.77,153.48,153.6,331.17861
281,2020-04-13,06:32:00,153.65,153.69,153.59,153.61,573.64724
282,2020-04-13,06:33:00,153.6,153.71,153.57,153.65,667.87052
283,2020-04-13,06:34:00,153.65,153.8,153.63,153.65,1043.09701
284,2020-04-13,06:35:00,153.64,153.87,153.64,153.84,591.06205
285,2020-04-13,06:36:00,153.84,153.84,153.36,153.38,1038.15666
286,2020-04-13,06:37:00,153.38,153.39,153.19,153.28,541.2102
287,2020-04-13,06:38:00,153.28,153.62,153.28,153.54,392.9777
288,2020-04-13,06:39:00,153.57,153.63,153.49,153.49,216.67354
289,2020-04-13,06:40:00,153.5,153.5,153.23,153.36,403.04789
290,2020-04-13,06:41:00,153.34,153.38,153.26,153.29,253.8216
291,2020-04-13,06:42:00,153.26,153.29,153.2,153.21,471.08061
292,2020-04-13,06:43:00,153.23,153.3,153.21,153.29,858.57392
293,2020-04-13,06:44:00,153.27,153.43,153.22,153.25,277.51473
294,2020-04-13,06:45:00,153.24,153.3,153.19,153.28,156.1983
295,2020-04-13,06:46:00,153.3,153.3,153.2,153.21,168.23815
296,2020-04-13,06:47:00,153.21,153.24,153.16,153.22,434.33896
297,2020-04-13,06:48:00,153.19,153.2,153.05,153.17,384.86531
298,2020-04-13,06:49:00,153.18,153.19,153.09,153.15,159.29997
299,2020-04-13,06:50:00,153.16,153.35,153.15,153.35,248.25763
300,2020-04-13,06:51:00,153.33,153.38,153.29,153.32,346.85347
301,2020-04-13,06:52:00,153.31,153.44,153.28,153.35,322.6333
302,2020-04-13,06:53:00,153.35,153.36,153.17,153.18,370.65677
303,2020-04-13,06:54:00,153.18,153.22,153.1,153.14,608.98467
304,2020-04-13,06:55:00,153.16,153.25,153.11,153.21,171.39048
305,2020-04-13,06:56:00,153.2,153.25,153.04,153.05,418.88516
306,2020-04-13,06:57:00,153.04,153.1,153.01,153.07,258.0715
307,2020-04-13,06:58:00,153.07,153.41,153.06,153.32,732.38197
308,2020-04-13,06:59:00,153.31,153.48,153.23,153.46,418.47434
309,2020-04-13,07:00:00,153.46,153.47,153.18,153.18,399.24871
310,2020-04-13,07:01:00,153.17,153.31,153.12,153.15,554.73366
311,2020-04-13,07:02:00,153.15,153.39,153.15,153.35,340.63859
312,2020-04-13,07:03:00,153.35,153.35,153.08,153.09,1532.44292
313,2020-04-13,07:04:00,153.09,153.16,153.02,153.02,232.31098
314,2020-04-13,07:05:00,153.04,153.12,153.02,153.12,370.69053
315,2020-04-13,07:06:00,153.12,153.2,152.92,152.95,1000.37331
316,2020-04-13,07:07:00,152.96,152.96,152.8,152.8,292.44318
317,2020-04-13,07:08:00,152.8,152.97,152.7,152.8,688.48211
318,2020-04-13,07:09:00,152.79,152.79,152.7,152.75,260.07384
319,2020-04-13,07:10:00,152.73,152.84,152.69,152.79,564.15546
320,2020-04-13,07:11:00,152.79,152.8,152.69,152.72,223.31007
321,2020-04-13,07:12:00,152.73,152.89,152.69,152.87,345.63762
322,2020-04-13,07:13:00,152.87,152.99,152.85,152.96,344.28988
323,2020-04-13,07:14:00,152.96,153.16,152.96,152.96,283.17261
324,2020-04-13,07:15:00,152.98,153.02,152.81,152.94,285.4376
325,2020-04-13,07:16:00,152.94,153.02,152.9,152.92,207.75277
326,2020-04-13,07:17:00,152.9,153.0,152.9,152.95,48.92245
327,2020-04-13,07:18:00,152.96,152.96,152.77,152.8,673.95912
328,2020-04-13,07:19:00,152.81,152.82,152.7,152.79,389.4851
329,2020-04-13,07:20:00,152.77,152.82,152.7,152.74,292.04081
330,2020-04-13,07:21:00,152.74,152.96,152.74,152.81,731.98582
331,2020-04-13,07:22:00,152.8,152.91,152.8,152.91,72.003
332,2020-04-13,07:23:00,152.91,153.13,152.91,153.1,464.10964
333,2020-04-13,07:24:00,153.09,153.09,152.95,152.97,345.55788
334,2020-04-13,07:25:00,152.98,153.0,152.79,152.87,364.60305
335,2020-04-13,07:26:00,152.88,152.88,152.68,152.78,164.85769
336,2020-04-13,07:27:00,152.73,152.75,152.5,152.5,715.28915
337,2020-04-13,07:28:00,152.54,152.63,152.51,152.56,147.0274
338,2020-04-13,07:29:00,152.53,152.67,152.5,152.5,131.68041
339,2020-04-13,07:30:00,152.5,152.64,152.5,152.58,341.49297
340,2020-04-13,07:31:00,152.58,152.59,152.49,152.58,205.89291
341,2020-04-13,07:32:00,152.54,152.57,152.25,152.3,597.91784
342,2020-04-13,07:33:00,152.3,152.36,152.24,152.34,591.8046
343,2020-04-13,07:34:00,152.31,152.33,151.98,151.98,909.76351
344,2020-04-13,07:35:00,151.98,152.12,151.91,152.08,538.28489
345,2020-04-13,07:36:00,152.09,152.34,152.07,152.26,662.35616
346,2020-04-13,07:37:00,152.26,152.54,152.26,152.41,725.92368
347,2020-04-13,07:38:00,152.43,152.44,152.22,152.33,288.28773
348,2020-04-13,07:39:00,152.35,152.41,152.32,152.36,171.10991
349,2020-04-13,07:40:00,152.36,152.36,152.23,152.27,440.87378
350,2020-04-13,07:41:00,152.27,152.35,152.1,152.11,496.1293
351,2020-04-13,07:42:00,152.12,152.21,152.04,152.07,273.68246
352,2020-04-13,07:43:00,152.06,152.19,152.04,152.18,221.02429
353,2020-04-13,07:44:00,152.18,152.31,152.07,152.3,418.76178
354,2020-04-13,07:45:00,152.31,152.41,152.23,152.23,269.59698
355,2020-04-13,07:46:00,152.23,152.23,152.07,152.1,267.98728
356,2020-04-13,07:47:00,152.1,152.15,152.01,152.12,481.16324
357,2020-04-13,07:48:00,152.09,152.12,152.0,152.0,1274.69269
358,2020-04-13,07:49:00,152.01,152.09,151.75,151.83,1401.68863
359,2020-04-13,07:50:00,151.84,151.94,151.74,151.9,668.54395
360,2020-04-13,07:51:00,151.9,152.26,151.85,152.26,501.40243
361,2020-04-13,07:52:00,152.22,152.24,151.99,152.11,330.81508
362,2020-04-13,07:53:00,152.1,152.11,151.85,151.97,918.15586
363,2020-04-13,07:54:00,151.95,152.07,151.91,152.0,380.16952
364,2020-04-13,07:55:00,152.0,152.18,152.0,152.11,328.60844
365,2020-04-13,07:56:00,152.11,152.24,152.09,152.21,583.65712
366,2020-04-13,07:57:00,152.2,152.32,152.18,152.27,303.81068
367,2020-04-13,07:58:00,152.27,152.35,152.19,152.19,174.86741
368,2020-04-13,07:59:00,152.22,152.45,152.19,152.43,244.67182
369,2020-04-13,08:00:00,152.43,152.43,152.11,152.11,270.15101
370,2020-04-13,08:01:00,152.1,152.15,151.98,152.01,492.55085
371,2020-04-13,08:02:00,152.01,152.01,151.83,151.9,592.80684
372,2020-04-13,08:03:00,151.84,151.91,151.78,151.9,558.12144
373,2020-04-13,08:04:00,151.9,152.15,151.9,152.11,653.56113
374,2020-04-13,08:05:00,152.11,152.47,152.11,152.38,585.86984
375,2020-04-13,08:06:00,152.37,152.59,152.36,152.53,399.3335
376,2020-04-13,08:07:00,152.52,152.56,152.45,152.49,365.06865
377,2020-04-13,08:08:00,152.49,152.67,152.43,152.6,428.91348
378,2020-04-13,08:09:00,152.63,152.76,152.54,152.76,276.2612
379,2020-04-13,08:10:00,152.75,152.75,152.64,152.68,366.70583
380,2020-04-13,08:11:00,152.67,152.83,152.59,152.83,736.08335
381,2020-04-13,08:12:00,152.83,152.83,152.58,152.61,393.73939
382,2020-04-13,08:13:00,152.61,152.67,152.6,152.62,501.60261
383,2020-04-13,08:14:00,152.62,152.64,152.53,152.54,360.1914
384,2020-04-13,08:15:00,152.53,152.86,152.53,152.82,409.86665
385,2020-04-13,08:16:00,152.84,152.87,152.73,152.81,518.76459
386,2020-04-13,08:17:00,152.8,152.82,152.7,152.82,287.50521
387,2020-04-13,08:18:00,152.81,152.87,152.73,152.86,797.60774
388,2020-04-13,08:19:00,152.88,152.9,152.62,152.66,596.36336
389,2020-04-13,08:20:00,152.65,152.72,152.6,152.68,370.60134
390,2020-04-13,08:21:00,152.69,152.71,152.61,152.67,411.40693
391,2020-04-13,08:22:00,152.7,152.96,152.7,152.84,927.23225
392,2020-04-13,08:23:00,152.83,152.9,152.81,152.82,246.98064
393,2020-04-13,08:24:00,152.81,152.85,152.7,152.75,856.38208
394,2020-04-13,08:25:00,152.74,152.83,152.68,152.81,786.2809
395,2020-04-13,08:26:00,152.8,152.83,152.66,152.74,355.62633
396,2020-04-13,08:27:00,152.73,152.79,152.6,152.71,111.35535
397,2020-04-13,08:28:00,152.7,152.81,152.69,152.7,127.84469
398,2020-04-13,08:29:00,152.75,152.78,152.52,152.54,145.74531
399,2020-04-13,08:30:00,152.57,152.71,152.55,152.64,909.37685
400,2020-04-13,08:31:00,152.67,152.78,152.6,152.6,702.15446
401,2020-04-13,08:32:00,152.65,152.71,152.54,152.58,144.16797
402,2020-04-13,08:33:00,152.57,152.65,152.51,152.53,325.32177
403,2020-04-13,08:34:00,152.54,152.63,152.41,152.41,790.08779
404,2020-04-13,08:35:00,152.46,152.55,152.42,152.45,247.1214
405,2020-04-13,08:36:00,152.45,152.47,152.4,152.4,261.50922
406,2020-04-13,08:37:00,152.42,152.42,152.3,152.32,322.87006
407,2020-04-13,08:38:00,152.32,152.37,152.26,152.29,576.93396
408,2020-04-13,08:39:00,152.3,152.31,152.24,152.25,194.2518
409,2020-04-13,08:40:00,152.25,152.3,152.22,152.3,407.26688
410,2020-04-13,08:41:00,152.32,152.45,152.28,152.43,334.7062
411,2020-04-13,08:42:00,152.44,152.44,152.34,152.35,111.0613
412,2020-04-13,08:43:00,152.38,152.42,152.26,152.26,267.02891
413,2020-04-13,08:44:00,152.27,152.27,151.96,151.98,1376.44244
414,2020-04-13,08:45:00,151.97,152.13,151.96,152.01,374.93714
415,2020-04-13,08:46:00,152.04,152.22,152.04,152.18,351.17201
416,2020-04-13,08:47:00,152.2,152.23,152.11,152.16,148.12448
417,2020-04-13,08:48:00,152.16,152.24,152.08,152.23,190.41637
418,2020-04-13,08:49:00,152.24,152.29,152.22,152.29,146.90417
419,2020-04-13,08:50:00,152.27,152.35,152.23,152.26,393.61074
420,2020-04-13,08:51:00,152.26,152.3,152.15,152.22,230.37596
421,2020-04-13,08:52:00,152.22,152.46,152.22,152.45,282.54288
422,2020-04-13,08:53:00,152.48,152.48,152.32,152.42,226.84156
423,2020-04-13,08:54:00,152.42,152.42,152.3,152.3,239.67249
424,2020-04-13,08:55:00,152.29,152.31,152.15,152.15,217.52206
425,2020-04-13,08:56:00,152.18,152.23,152.11,152.12,215.19065
426,2020-04-13,08:57:00,152.14,152.22,152.14,152.16,188.78962
427,2020-04-13,08:58:00,152.15,152.17,152.08,152.08,208.0573
428,2020-04-13,08:59:00,152.13,152.53,152.07,152.52,482.89469
429,2020-04-13,09:00:00,152.52,152.53,152.2,152.2,503.47756
430,2020-04-13,09:01:00,152.22,152.23,151.97,152.01,510.7394
431,2020-04-13,09:02:00,152.02,152.02,151.88,151.97,381.85076
432,2020-04-13,09:03:00,151.98,152.02,151.92,151.96,481.14346
433,2020-04-13,09:04:00,151.96,152.03,151.93,151.94,557.4079
434,2020-04-13,09:05:00,151.92,151.96,151.9,151.92,645.43276
435,2020-04-13,09:06:00,151.92,152.12,151.91,152.09,372.36787
436,2020-04-13,09:07:00,152.11,152.16,152.0,152.04,204.89498
437,2020-04-13,09:08:00,152.02,152.08,151.95,151.98,839.04524
438,2020-04-13,09:09:00,151.95,152.04,151.95,152.02,420.66318
439,2020-04-13,09:10:00,152.02,152.05,151.9,151.94,440.59137
440,2020-04-13,09:11:00,151.94,152.05,151.91,151.97,416.62081
441,2020-04-13,09:12:00,151.96,152.04,151.92,151.99,479.18802
442,2020-04-13,09:13:00,151.99,152.03,151.95,151.98,607.59188
443,2020-04-13,09:14:00,151.97,152.05,151.9,151.91,709.1088
444,2020-04-13,09:15:00,151.91,151.91,151.76,151.78,738.90063
445,2020-04-13,09:16:00,151.79,151.89,151.76,151.84,303.24178
446,2020-04-13,09:17:00,151.87,151.91,151.76,151.89,413.7885
447,2020-04-13,09:18:00,151.86,151.88,151.72,151.77,542.55859
448,2020-04-13,09:19:00,151.77,151.79,151.7,151.75,766.39137
449,2020-04-13,09:20:00,151.74,151.75,151.48,151.48,1017.91283
450,2020-04-13,09:21:00,151.48,151.52,151.35,151.37,1272.77963
451,2020-04-13,09:22:00,151.39,151.63,151.39,151.63,318.71724
452,2020-04-13,09:23:00,151.62,151.88,151.62,151.69,756.34607
453,2020-04-13,09:24:00,151.67,151.77,151.65,151.76,252.87363
454,2020-04-13,09:25:00,151.74,151.85,151.73,151.83,377.51214
455,2020-04-13,09:26:00,151.82,152.05,151.82,151.89,602.22277
456,2020-04-13,09:27:00,151.89,151.95,151.75,151.79,588.24761
457,2020-04-13,09:28:00,151.81,151.98,151.81,151.94,221.38057
458,2020-04-13,09:29:00,151.91,151.96,151.86,151.9,210.84836
459,2020-04-13,09:30:00,151.9,151.92,151.7,151.73,267.21887
460,2020-04-13,09:31:00,151.7,151.84,151.65,151.69,195.24409
461,2020-04-13,09:32:00,151.65,151.68,151.51,151.56,339.60136
462,2020-04-13,09:33:00,151.52,151.66,151.51,151.56,195.9098
463,2020-04-13,09:34:00,151.59,151.65,151.41,151.41,389.90159
464,2020-04-13,09:35:00,151.43,151.48,151.34,151.35,446.15058
465,2020-04-13,09:36:00,151.34,151.51,151.32,151.51,372.079
466,2020-04-13,09:37:00,151.51,151.54,151.48,151.52,321.82223
467,2020-04-13,09:38:00,151.53,151.66,151.46,151.48,196.09208
468,2020-04-13,09:39:00,151.45,151.58,151.37,151.38,698.10701
469,2020-04-13,09:40:00,151.38,151.39,151.29,151.35,358.93815
470,2020-04-13,09:41:00,151.33,151.49,151.2,151.22,1093.17696
471,2020-04-13,09:42:00,151.2,151.28,151.04,151.04,845.87103
472,2020-04-13,09:43:00,151.05,151.11,150.55,150.66,2731.42971
473,2020-04-13,09:44:00,150.66,150.98,150.65,150.95,1080.72025
474,2020-04-13,09:45:00,150.95,150.97,150.61,150.79,690.99901
475,2020-04-13,09:46:00,150.78,150.99,150.75,150.97,585.16658
476,2020-04-13,09:47:00,151.0,151.24,150.97,151.13,1186.61863
477,2020-04-13,09:48:00,151.15,151.19,151.02,151.15,380.36399
478,2020-04-13,09:49:00,151.11,151.24,151.11,151.24,113.74486
479,2020-04-13,09:50:00,151.22,151.22,151.14,151.15,255.44299
480,2020-04-13,09:51:00,151.15,151.3,151.12,151.3,524.53034
481,2020-04-13,09:52:00,151.3,151.3,151.12,151.21,392.82241
482,2020-04-13,09:53:00,151.21,151.36,151.19,151.32,246.09957
483,2020-04-13,09:54:00,151.34,151.48,151.34,151.38,273.73559
484,2020-04-13,09:55:00,151.4,151.48,151.34,151.36,287.78317
485,2020-04-13,09:56:00,151.34,151.37,151.27,151.31,405.32854
486,2020-04-13,09:57:00,151.26,151.39,151.19,151.21,369.08297
487,2020-04-13,09:58:00,151.2,151.28,151.17,151.28,143.16409
488,2020-04-13,09:59:00,151.27,151.3,151.25,151.29,260.48539
489,2020-04-13,10:00:00,151.29,151.5,151.28,151.49,337.29236
490,2020-04-13,10:01:00,151.5,151.74,151.47,151.68,591.80362
491,2020-04-13,10:02:00,151.7,151.8,151.66,151.8,491.38479
492,2020-04-13,10:03:00,151.79,151.99,151.79,151.99,726.52838
493,2020-04-13,10:04:00,151.99,152.12,151.9,151.94,1253.16583
494,2020-04-13,10:05:00,151.94,151.94,151.77,151.88,640.72113
495,2020-04-13,10:06:00,151.88,151.93,151.81,151.85,405.00772
496,2020-04-13,10:07:00,151.85,152.14,151.82,152.14,866.65649
497,2020-04-13,10:08:00,152.13,152.18,152.07,152.16,509.38966
498,2020-04-13,10:09:00,152.13,152.39,152.13,152.35,297.37396
499,2020-04-13,10:10:00,152.29,152.3,151.95,151.99,1008.14156
500,2020-04-13,10:11:00,151.97,152.15,151.95,152.11,869.8627
501,2020-04-13,10:12:00,152.14,152.43,152.13,152.25,1660.3603
502,2020-04-13,10:13:00,152.25,152.29,152.17,152.17,689.37849
503,2020-04-13,10:14:00,152.23,152.25,152.08,152.1,406.45553
504,2020-04-13,10:15:00,152.09,152.13,152.0,152.09,192.92463
505,2020-04-13,10:16:00,152.07,152.09,151.92,151.97,424.98267
506,2020-04-13,10:17:00,151.97,152.17,151.96,151.99,736.8952
507,2020-04-13,10:18:00,151.99,152.03,151.81,151.85,537.38422
508,2020-04-13,10:19:00,151.85,151.94,151.83,151.92,523.9584
509,2020-04-13,10:20:00,151.92,152.2,151.9,152.2,541.20307
510,2020-04-13,10:21:00,152.22,152.34,152.22,152.31,395.72418
511,2020-04-13,10:22:00,152.31,152.32,152.15,152.27,69.35853
512,2020-04-13,10:23:00,152.26,152.26,152.09,152.11,381.34896
513,2020-04-13,10:24:00,152.12,152.14,151.94,151.94,340.82233
514,2020-04-13,10:25:00,151.94,152.17,151.94,152.17,1325.60451
515,2020-04-13,10:26:00,152.16,152.17,152.07,152.13,195.36112
516,2020-04-13,10:27:00,152.12,152.32,152.1,152.25,492.22037
517,2020-04-13,10:28:00,152.25,152.39,152.15,152.38,266.51273
518,2020-04-13,10:29:00,152.38,152.49,152.34,152.48,540.89571
519,2020-04-13,10:30:00,152.48,152.48,152.4,152.47,308.32748
520,2020-04-13,10:31:00,152.47,152.49,152.4,152.42,279.51721
521,2020-04-13,10:32:00,152.4,152.49,152.4,152.49,210.32997
522,2020-04-13,10:33:00,152.49,152.49,152.16,152.18,772.1402
523,2020-04-13,10:34:00,152.18,152.39,152.14,152.39,304.65066
524,2020-04-13,10:35:00,152.39,152.48,152.37,152.37,114.12041
525,2020-04-13,10:36:00,152.37,152.37,152.18,152.29,149.48414
526,2020-04-13,10:37:00,152.29,152.45,152.25,152.45,281.85339
527,2020-04-13,10:38:00,152.44,152.45,152.38,152.41,184.02618
528,2020-04-13,10:39:00,152.41,152.57,152.4,152.56,502.9328
529,2020-04-13,10:40:00,152.56,152.63,152.5,152.51,421.38777
530,2020-04-13,10:41:00,152.51,152.56,152.39,152.47,364.2257
531,2020-04-13,10:42:00,152.47,152.47,152.3,152.31,458.89735
532,2020-04-13,10:43:00,152.35,152.56,152.35,152.51,562.74776
533,2020-04-13,10:44:00,152.51,152.62,152.51,152.58,352.1052
534,2020-04-13,10:45:00,152.59,152.64,152.55,152.56,1300.7184
535,2020-04-13,10:46:00,152.57,152.65,152.51,152.53,121.09827
536,2020-04-13,10:47:00,152.56,152.57,152.47,152.5,357.13059
537,2020-04-13,10:48:00,152.5,152.5,152.46,152.49,253.85638
538,2020-04-13,10:49:00,152.48,152.64,152.46,152.6,883.62482
539,2020-04-13,10:50:00,152.59,152.61,152.52,152.56,215.60087
540,2020-04-13,10:51:00,152.59,152.6,152.44,152.47,381.73905
541,2020-04-13,10:52:00,152.47,152.48,152.25,152.39,284.23545
542,2020-04-13,10:53:00,152.4,152.54,152.4,152.49,140.41959
543,2020-04-13,10:54:00,152.5,152.66,152.48,152.66,429.83101
544,2020-04-13,10:55:00,152.65,152.85,152.62,152.84,1044.58834
545,2020-04-13,10:56:00,152.8,152.96,152.8,152.91,1551.06978
546,2020-04-13,10:57:00,152.92,153.23,152.89,153.22,1954.28249
547,2020-04-13,10:58:00,153.19,153.63,153.19,153.6,2150.55176
548,2020-04-13,10:59:00,153.62,153.68,153.35,153.52,1173.77417
549,2020-04-13,11:00:00,153.5,153.5,153.3,153.49,743.79125
550,2020-04-13,11:01:00,153.48,153.58,153.37,153.38,967.56409
551,2020-04-13,11:02:00,153.37,153.5,153.3,153.32,917.59384
552,2020-04-13,11:03:00,153.32,153.4,153.2,153.33,1313.01629
553,2020-04-13,11:04:00,153.34,153.35,153.25,153.3,1387.48262
554,2020-04-13,11:05:00,153.3,153.3,153.16,153.25,760.18381
555,2020-04-13,11:06:00,153.25,153.26,153.15,153.25,1069.75377
556,2020-04-13,11:07:00,153.25,153.26,153.03,153.06,721.93436
557,2020-04-13,11:08:00,153.03,153.09,152.89,152.97,1187.25033
558,2020-04-13,11:09:00,152.95,153.03,152.94,152.96,433.77537
559,2020-04-13,11:10:00,152.96,153.04,152.87,152.88,621.69954
560,2020-04-13,11:11:00,152.88,153.0,152.82,152.84,738.56341
561,2020-04-13,11:12:00,152.86,152.98,152.83,152.88,234.32395
562,2020-04-13,11:13:00,152.88,152.99,152.8,152.9,448.8514
563,2020-04-13,11:14:00,152.91,153.0,152.84,152.87,288.00686
564,2020-04-13,11:15:00,152.87,152.97,152.86,152.96,164.354
565,2020-04-13,11:16:00,152.97,153.1,152.97,153.01,800.975
566,2020-04-13,11:17:00,153.03,153.13,152.94,153.09,1318.88392
567,2020-04-13,11:18:00,153.09,153.15,153.08,153.12,219.11021
568,2020-04-13,11:19:00,153.11,153.11,153.01,153.09,454.36057
569,2020-04-13,11:20:00,153.1,153.2,153.1,153.18,260.60746
570,2020-04-13,11:21:00,153.17,153.33,153.13,153.33,170.33765
571,2020-04-13,11:22:00,153.3,153.54,153.3,153.52,514.79301
572,2020-04-13,11:23:00,153.52,153.71,153.48,153.7,870.42191
573,2020-04-13,11:24:00,153.67,153.73,153.55,153.6,820.80093
574,2020-04-13,11:25:00,153.63,153.63,153.38,153.47,2087.54513
575,2020-04-13,11:26:00,153.47,153.55,153.44,153.44,478.12276
576,2020-04-13,11:27:00,153.44,153.74,153.44,153.73,1186.19815
577,2020-04-13,11:28:00,153.71,153.75,153.54,153.71,536.3351
578,2020-04-13,11:29:00,153.74,153.86,153.73,153.73,572.44216
579,2020-04-13,11:30:00,153.73,153.75,153.61,153.72,257.93269
580,2020-04-13,11:31:00,153.74,153.79,153.55,153.59,879.39821
581,2020-04-13,11:32:00,153.57,153.73,153.54,153.6,217.92856
582,2020-04-13,11:33:00,153.6,153.83,153.6,153.8,452.52245
583,2020-04-13,11:34:00,153.82,154.0,153.8,153.92,1272.48233
584,2020-04-13,11:35:00,153.89,155.34,153.89,155.23,5959.9446
585,2020-04-13,11:36:00,155.24,156.02,154.89,155.89,8580.62912
586,2020-04-13,11:37:00,155.89,155.9,155.26,155.27,2886.89039
587,2020-04-13,11:38:00,155.27,155.5,155.03,155.5,2497.79464
588,2020-04-13,11:39:00,155.5,155.67,155.35,155.58,1186.35066
589,2020-04-13,11:40:00,155.6,156.49,155.59,156.36,4589.31573
590,2020-04-13,11:41:00,156.36,156.39,155.88,155.89,3648.34613
591,2020-04-13,11:42:00,155.88,156.32,155.77,156.26,2150.86436
592,2020-04-13,11:43:00,156.26,156.26,155.91,156.08,1910.79156
593,2020-04-13,11:44:00,156.13,156.24,155.45,155.63,1622.50921
594,2020-04-13,11:45:00,155.66,155.98,155.64,155.81,1072.26569
595,2020-04-13,11:46:00,155.82,155.85,155.29,155.46,1742.85879
596,2020-04-13,11:47:00,155.46,155.49,155.24,155.37,2730.90999
597,2020-04-13,11:48:00,155.35,155.75,155.3,155.71,1832.54823
598,2020-04-13,11:49:00,155.74,155.81,155.46,155.5,1533.09313
599,2020-04-13,11:50:00,155.5,155.73,155.42,155.72,1197.90522
600,2020-04-13,11:51:00,155.73,156.2,155.62,156.12,2762.37516
601,2020-04-13,11:52:00,156.15,156.5,156.06,156.07,1466.99855
602,2020-04-13,11:53:00,156.06,156.29,156.04,156.21,792.84077
603,2020-04-13,11:54:00,156.22,156.37,156.0,156.02,1471.13476
604,2020-04-13,11:55:00,156.03,156.33,155.98,156.01,927.63301
605,2020-04-13,11:56:00,156.05,156.12,155.71,155.78,1238.14657
606,2020-04-13,11:57:00,155.78,155.97,155.52,155.95,704.05838
607,2020-04-13,11:58:00,155.93,156.03,155.66,155.66,373.79733
608,2020-04-13,11:59:00,155.69,155.87,155.22,155.27,1740.42084
609,2020-04-13,12:00:00,155.22,155.31,153.65,153.69,6000.25944
610,2020-04-13,12:01:00,153.77,154.17,153.37,154.1,4355.37901
611,2020-04-13,12:02:00,154.17,154.27,153.49,153.5,2379.62446
612,2020-04-13,12:03:00,153.54,153.68,153.04,153.36,2785.6493
613,2020-04-13,12:04:00,153.34,153.34,152.45,152.89,4562.60334
614,2020-04-13,12:05:00,152.87,153.25,152.81,152.82,1155.78708
615,2020-04-13,12:06:00,152.82,153.1,152.67,153.07,1066.13589
616,2020-04-13,12:07:00,153.05,153.47,153.01,153.2,1389.37236
617,2020-04-13,12:08:00,153.21,153.49,153.2,153.4,494.50447
618,2020-04-13,12:09:00,153.41,153.78,153.41,153.59,1158.32813
619,2020-04-13,12:10:00,153.59,153.59,153.2,153.28,1003.22478
620,2020-04-13,12:11:00,153.29,153.5,153.26,153.5,230.82587
621,2020-04-13,12:12:00,153.48,153.66,153.36,153.37,494.16036
622,2020-04-13,12:13:00,153.37,153.4,153.08,153.29,1007.11325
623,2020-04-13,12:14:00,153.28,153.37,152.93,152.98,720.00861
624,2020-04-13,12:15:00,152.98,153.0,152.62,152.84,1128.90273
625,2020-04-13,12:16:00,152.78,153.22,152.78,153.17,776.91399
626,2020-04-13,12:17:00,153.16,153.26,153.09,153.26,412.51979
627,2020-04-13,12:18:00,153.25,153.37,153.06,153.17,527.71415
628,2020-04-13,12:19:00,153.2,153.21,153.06,153.07,292.62613
629,2020-04-13,12:20:00,153.08,153.38,153.05,153.14,693.03443
630,2020-04-13,12:21:00,153.13,153.33,153.11,153.26,510.54757
631,2020-04-13,12:22:00,153.23,153.25,153.0,153.08,868.50974
632,2020-04-13,12:23:00,153.08,153.13,153.02,153.05,577.28941
633,2020-04-13,12:24:00,153.05,153.08,152.75,152.78,506.21143
634,2020-04-13,12:25:00,152.81,152.81,152.61,152.66,308.13136
635,2020-04-13,12:26:00,152.61,152.74,151.95,152.09,3722.85912
636,2020-04-13,12:27:00,152.11,152.6,152.11,152.4,704.85138
637,2020-04-13,12:28:00,152.38,152.39,152.1,152.23,511.93881
638,2020-04-13,12:29:00,152.24,152.59,152.2,152.58,1197.43298
639,2020-04-13,12:30:00,152.58,152.58,152.21,152.22,427.679
640,2020-04-13,12:31:00,152.22,152.6,152.19,152.56,838.02829
641,2020-04-13,12:32:00,152.56,152.73,152.56,152.67,984.61625
642,2020-04-13,12:33:00,152.66,153.18,152.66,152.97,2144.55313
643,2020-04-13,12:34:00,152.95,153.09,152.92,153.07,546.79323
644,2020-04-13,12:35:00,153.1,153.4,153.07,153.36,580.47209
645,2020-04-13,12:36:00,153.32,153.45,153.32,153.38,190.17735
646,2020-04-13,12:37:00,153.39,153.39,153.0,153.05,458.76924
647,2020-04-13,12:38:00,153.08,153.1,152.67,152.71,542.54351
648,2020-04-13,12:39:00,152.72,152.87,152.72,152.74,1286.32532
649,2020-04-13,12:40:00,152.74,153.06,152.71,153.0,858.91944
650,2020-04-13,12:41:00,152.95,153.11,152.91,153.06,186.93252
651,2020-04-13,12:42:00,153.05,153.19,152.99,153.13,179.32815
652,2020-04-13,12:43:00,153.09,153.11,152.94,153.01,285.93121
653,2020-04-13,12:44:00,153.01,153.01,152.82,152.89,108.85445
654,2020-04-13,12:45:00,152.89,153.05,152.82,152.87,275.76895
655,2020-04-13,12:46:00,152.9,153.06,152.88,152.93,103.14739
656,2020-04-13,12:47:00,152.95,153.12,152.9,153.12,195.0952
657,2020-04-13,12:48:00,153.12,153.43,153.12,153.3,422.75526
658,2020-04-13,12:49:00,153.29,153.39,153.22,153.39,496.19398
659,2020-04-13,12:50:00,153.4,153.41,153.19,153.19,319.34777
660,2020-04-13,12:51:00,153.21,153.27,153.17,153.21,212.32693
661,2020-04-13,12:52:00,153.21,153.21,153.08,153.11,200.46608
662,2020-04-13,12:53:00,153.11,153.18,153.0,153.15,356.4318
663,2020-04-13,12:54:00,153.15,153.16,152.86,152.91,622.63799
664,2020-04-13,12:55:00,152.91,153.06,152.87,153.06,283.92756
665,2020-04-13,12:56:00,153.07,153.15,152.98,153.05,698.99419
666,2020-04-13,12:57:00,153.05,153.2,153.02,153.19,317.74396
667,2020-04-13,12:58:00,153.16,153.33,153.16,153.25,676.33537
668,2020-04-13,12:59:00,153.21,153.44,153.2,153.43,311.50107
669,2020-04-13,13:00:00,153.44,153.44,153.21,153.27,586.42676
670,2020-04-13,13:01:00,153.28,153.3,153.12,153.15,571.33698
671,2020-04-13,13:02:00,153.14,153.17,152.96,153.15,829.23402
672,2020-04-13,13:03:00,153.14,153.16,152.97,153.12,236.36775
673,2020-04-13,13:04:00,153.1,153.1,152.78,152.8,704.49847
674,2020-04-13,13:05:00,152.82,152.87,152.68,152.78,298.22472
675,2020-04-13,13:06:00,152.82,152.94,152.82,152.9,60.11998
676,2020-04-13,13:07:00,152.89,152.96,152.73,152.73,515.70489
677,2020-04-13,13:08:00,152.72,152.73,152.57,152.57,427.44115
678,2020-04-13,13:09:00,152.57,152.6,152.46,152.6,448.18183
679,2020-04-13,13:10:00,152.64,152.64,152.45,152.49,150.66557
680,2020-04-13,13:11:00,152.49,152.82,152.47,152.82,650.08049
681,2020-04-13,13:12:00,152.78,152.87,152.72,152.76,250.47084
682,2020-04-13,13:13:00,152.78,152.79,152.7,152.74,101.76567
683,2020-04-13,13:14:00,152.74,152.74,152.5,152.54,286.36448
684,2020-04-13,13:15:00,152.55,152.57,152.42,152.42,172.53873
685,2020-04-13,13:16:00,152.43,152.65,152.43,152.65,192.60513
686,2020-04-13,13:17:00,152.65,152.73,152.56,152.69,287.71309
687,2020-04-13,13:18:00,152.74,152.83,152.68,152.71,194.69415
688,2020-04-13,13:19:00,152.67,152.79,152.67,152.73,119.92244
689,2020-04-13,13:20:00,152.73,153.44,152.72,153.41,1444.02711
690,2020-04-13,13:21:00,153.42,153.61,153.36,153.53,1005.07669
691,2020-04-13,13:22:00,153.55,153.61,153.35,153.45,599.67166
692,2020-04-13,13:23:00,153.42,153.47,153.2,153.21,249.7528
693,2020-04-13,13:24:00,153.2,153.21,153.05,153.13,605.89085
694,2020-04-13,13:25:00,153.12,153.21,153.06,153.17,746.46701
695,2020-04-13,13:26:00,153.14,153.4,153.09,153.39,124.44503
696,2020-04-13,13:27:00,153.39,153.5,153.34,153.39,399.48376
697,2020-04-13,13:28:00,153.38,153.43,153.15,153.33,705.3604
698,2020-04-13,13:29:00,153.29,153.47,153.29,153.46,228.98225
699,2020-04-13,13:30:00,153.46,153.55,153.09,153.09,765.10288
700,2020-04-13,13:31:00,153.09,153.11,152.9,152.95,483.93982
701,2020-04-13,13:32:00,152.94,152.95,152.68,152.71,288.99369
702,2020-04-13,13:33:00,152.74,152.74,152.58,152.71,323.37121
703,2020-04-13,13:34:00,152.71,152.88,152.6,152.67,903.49625
704,2020-04-13,13:35:00,152.66,152.72,152.51,152.51,819.03104
705,2020-04-13,13:36:00,152.51,152.7,152.4,152.66,792.95945
706,2020-04-13,13:37:00,152.7,152.88,152.68,152.88,360.23981
707,2020-04-13,13:38:00,152.85,153.18,152.85,153.0,389.61075
708,2020-04-13,13:39:00,152.98,153.05,152.75,152.9,241.49819
709,2020-04-13,13:40:00,153.0,153.01,152.77,152.86,226.6035
710,2020-04-13,13:41:00,152.85,152.88,152.54,152.58,196.91467
711,2020-04-13,13:42:00,152.61,152.66,152.44,152.45,478.59941
712,2020-04-13,13:43:00,152.45,152.95,152.45,152.95,266.47722
713,2020-04-13,13:44:00,152.95,153.0,152.66,152.69,160.93036
714,2020-04-13,13:45:00,152.73,152.87,152.62,152.67,562.14722
715,2020-04-13,13:46:00,152.65,152.71,152.55,152.71,268.69128
716,2020-04-13,13:47:00,152.71,152.91,152.52,152.52,297.53534
717,2020-04-13,13:48:00,152.52,152.6,152.42,152.59,310.4058
718,2020-04-13,13:49:00,152.59,152.63,152.5,152.58,185.81084
719,2020-04-13,13:50:00,152.62,152.62,152.51,152.58,191.90406
720,2020-04-13,13:51:00,152.58,152.7,152.48,152.7,895.11651
721,2020-04-13,13:52:00,152.7,152.7,152.47,152.49,912.46766
722,2020-04-13,13:53:00,152.49,152.56,152.2,152.23,982.14955
723,2020-04-13,13:54:00,152.23,152.4,152.21,152.31,497.82679
724,2020-04-13,13:55:00,152.36,152.57,152.24,152.44,539.1603
725,2020-04-13,13:56:00,152.45,152.75,152.37,152.74,320.1849
726,2020-04-13,13:57:00,152.72,152.72,152.29,152.37,429.97587
727,2020-04-13,13:58:00,152.34,152.47,151.6,151.76,2781.64672
728,2020-04-13,13:59:00,151.74,151.78,151.03,151.41,4864.44016
729,2020-04-13,14:00:00,151.41,151.83,151.09,151.59,3260.79644
730,2020-04-13,14:01:00,151.62,151.74,151.32,151.49,2378.87921
731,2020-04-13,14:02:00,151.49,151.84,151.34,151.73,3533.14923
732,2020-04-13,14:03:00,151.72,153.04,151.69,153.02,4347.62192
733,2020-04-13,14:04:00,153.01,153.19,152.57,152.61,2256.59575
734,2020-04-13,14:05:00,152.59,153.05,152.59,152.98,1266.52718
735,2020-04-13,14:06:00,153.01,153.07,152.74,152.95,737.75388
736,2020-04-13,14:07:00,152.94,153.1,152.8,153.1,620.38511
737,2020-04-13,14:08:00,153.09,153.17,152.84,153.05,478.05461
738,2020-04-13,14:09:00,153.04,153.15,152.87,153.1,450.64667
739,2020-04-13,14:10:00,153.13,153.5,153.08,153.5,1171.30955
740,2020-04-13,14:11:00,153.49,154.36,153.46,153.96,3148.40756
741,2020-04-13,14:12:00,153.98,154.24,153.85,153.88,1800.30841
742,2020-04-13,14:13:00,153.9,153.98,153.7,153.79,1355.58052
743,2020-04-13,14:14:00,153.8,153.9,153.62,153.83,1166.78163
744,2020-04-13,14:15:00,153.78,153.83,153.21,153.3,741.75564
745,2020-04-13,14:16:00,153.26,153.6,153.2,153.44,430.65687
746,2020-04-13,14:17:00,153.44,153.52,153.1,153.27,276.96999
747,2020-04-13,14:18:00,153.26,153.26,152.74,152.79,635.75323
748,2020-04-13,14:19:00,152.79,152.97,152.67,152.91,566.8306
749,2020-04-13,14:20:00,152.88,153.16,152.88,153.1,279.55202
750,2020-04-13,14:21:00,153.12,153.12,152.7,152.73,265.8975
751,2020-04-13,14:22:00,152.7,152.92,152.7,152.87,152.24244
752,2020-04-13,14:23:00,152.85,152.87,152.74,152.83,238.90326
753,2020-04-13,14:24:00,152.83,153.12,152.81,152.94,445.1774
754,2020-04-13,14:25:00,152.86,152.96,152.7,152.92,622.59318
755,2020-04-13,14:26:00,152.98,153.04,152.78,152.87,186.90979
756,2020-04-13,14:27:00,152.88,152.97,152.83,152.97,518.09658
757,2020-04-13,14:28:00,152.99,153.48,152.94,153.42,1062.72753
758,2020-04-13,14:29:00,153.4,153.56,153.27,153.49,342.38115
759,2020-04-13,14:30:00,153.5,153.5,153.14,153.32,651.09013
760,2020-04-13,14:31:00,153.29,153.33,153.07,153.22,246.26985
761,2020-04-13,14:32:00,153.17,153.19,153.05,153.14,227.47541
762,2020-04-13,14:33:00,153.12,153.18,152.81,152.85,340.94236
763,2020-04-13,14:34:00,152.85,152.96,152.77,152.83,281.41499
764,2020-04-13,14:35:00,152.82,152.93,152.69,152.69,242.1001
765,2020-04-13,14:36:00,152.73,152.98,152.7,152.93,433.40659
766,2020-04-13,14:37:00,152.87,152.88,152.5,152.52,323.88823
767,2020-04-13,14:38:00,152.51,152.57,152.37,152.5,1766.27412
768,2020-04-13,14:39:00,152.5,152.66,152.49,152.59,818.29887
769,2020-04-13,14:40:00,152.61,152.63,152.39,152.63,458.95015
770,2020-04-13,14:41:00,152.66,152.79,152.66,152.7,413.1648
771,2020-04-13,14:42:00,152.75,152.81,152.45,152.49,312.41298
772,2020-04-13,14:43:00,152.5,152.57,152.42,152.42,410.46347
773,2020-04-13,14:44:00,152.4,152.52,152.2,152.32,529.42642
774,2020-04-13,14:45:00,152.26,152.57,152.26,152.54,397.70684
775,2020-04-13,14:46:00,152.57,152.69,152.44,152.69,125.71518
776,2020-04-13,14:47:00,152.69,152.8,152.62,152.69,184.22688
777,2020-04-13,14:48:00,152.7,152.82,152.69,152.77,166.3671
778,2020-04-13,14:49:00,152.76,152.77,152.57,152.59,198.23199
779,2020-04-13,14:50:00,152.6,152.66,152.25,152.29,561.65668
780,2020-04-13,14:51:00,152.3,152.77,152.3,152.69,314.60373
781,2020-04-13,14:52:00,152.71,152.8,152.66,152.75,280.03808
782,2020-04-13,14:53:00,152.8,152.8,152.45,152.48,386.02519
783,2020-04-13,14:54:00,152.47,152.61,152.39,152.59,291.28077
784,2020-04-13,14:55:00,152.55,152.79,152.55,152.72,158.658
785,2020-04-13,14:56:00,152.7,152.93,152.7,152.86,349.55617
786,2020-04-13,14:57:00,152.86,152.95,152.8,152.94,194.81605
787,2020-04-13,14:58:00,152.95,153.06,152.95,152.99,333.30558
788,2020-04-13,14:59:00,153.0,153.3,153.0,153.14,1247.44283
789,2020-04-13,15:00:00,153.12,153.12,152.66,152.71,733.81656
790,2020-04-13,15:01:00,152.71,152.93,152.71,152.87,229.16254
791,2020-04-13,15:02:00,152.91,152.93,152.75,152.82,58.49994
792,2020-04-13,15:03:00,152.81,153.04,152.81,152.97,263.63197
793,2020-04-13,15:04:00,152.95,153.07,152.93,153.06,217.20269
794,2020-04-13,15:05:00,153.07,153.09,152.99,153.01,152.68122
795,2020-04-13,15:06:00,153.01,153.06,152.85,152.89,189.48891
796,2020-04-13,15:07:00,152.9,153.23,152.9,153.19,546.70731
797,2020-04-13,15:08:00,153.2,153.2,153.04,153.13,192.80903
798,2020-04-13,15:09:00,153.13,153.13,152.94,152.95,123.8231
799,2020-04-13,15:10:00,153.0,153.22,153.0,153.05,367.95485
800,2020-04-13,15:11:00,153.1,153.4,153.1,153.39,395.27971
801,2020-04-13,15:12:00,153.4,153.46,153.27,153.27,246.6616
802,2020-04-13,15:13:00,153.27,153.39,153.21,153.24,206.54558
803,2020-04-13,15:14:00,153.26,153.31,153.16,153.31,276.81224
804,2020-04-13,15:15:00,153.3,153.8,153.29,153.76,789.63458
805,2020-04-13,15:16:00,153.8,153.8,153.52,153.6,420.47604
806,2020-04-13,15:17:00,153.61,153.72,153.52,153.63,397.73661
807,2020-04-13,15:18:00,153.61,153.62,153.42,153.55,203.7478
808,2020-04-13,15:19:00,153.55,153.55,153.36,153.36,201.54335
809,2020-04-13,15:20:00,153.33,153.37,153.12,153.13,578.98396
810,2020-04-13,15:21:00,153.12,153.44,153.12,153.44,300.08041
811,2020-04-13,15:22:00,153.47,153.47,153.2,153.2,290.8395
812,2020-04-13,15:23:00,153.19,153.54,153.12,153.5,599.88792
813,2020-04-13,15:24:00,153.48,153.99,153.43,153.87,670.2302
814,2020-04-13,15:25:00,153.81,153.96,153.81,153.96,543.34831
815,2020-04-13,15:26:00,153.96,154.02,153.8,153.86,1028.13199
816,2020-04-13,15:27:00,153.85,153.92,153.61,153.61,400.15717
817,2020-04-13,15:28:00,153.62,153.72,153.55,153.72,199.80827
818,2020-04-13,15:29:00,153.72,153.9,153.72,153.87,88.82549
819,2020-04-13,15:30:00,153.88,153.91,153.48,153.6,203.93055
820,2020-04-13,15:31:00,153.56,153.59,153.4,153.4,94.88101
821,2020-04-13,15:32:00,153.38,153.5,153.33,153.46,86.73356
822,2020-04-13,15:33:00,153.46,153.47,153.33,153.45,69.52619
823,2020-04-13,15:34:00,153.45,153.84,153.41,153.72,593.20485
824,2020-04-13,15:35:00,153.72,153.85,153.65,153.78,267.28341
825,2020-04-13,15:36:00,153.76,153.92,153.76,153.81,180.69221
826,2020-04-13,15:37:00,153.77,153.88,153.67,153.71,253.53668
827,2020-04-13,15:38:00,153.67,153.73,153.53,153.6,208.08401
828,2020-04-13,15:39:00,153.63,153.89,153.61,153.83,208.20471
829,2020-04-13,15:40:00,153.84,154.0,153.81,153.94,293.15346
830,2020-04-13,15:41:00,153.94,154.07,153.8,153.82,323.23041
831,2020-04-13,15:42:00,153.88,153.97,153.84,153.92,404.87888
832,2020-04-13,15:43:00,153.96,154.0,153.83,153.83,117.20987
833,2020-04-13,15:44:00,153.82,153.83,153.61,153.79,477.07002
834,2020-04-13,15:45:00,153.81,154.2,153.81,154.2,490.26872
835,2020-04-13,15:46:00,154.2,154.74,154.15,154.61,1775.20742
836,2020-04-13,15:47:00,154.66,155.0,154.18,154.45,3777.33473
837,2020-04-13,15:48:00,154.51,154.51,154.04,154.13,1806.90315
838,2020-04-13,15:49:00,154.15,154.35,154.1,154.19,279.91669
839,2020-04-13,15:50:00,154.19,154.22,153.74,153.75,556.64071
840,2020-04-13,15:51:00,153.79,153.8,153.49,153.51,736.78475
841,2020-04-13,15:52:00,153.53,153.87,153.5,153.87,441.34693
842,2020-04-13,15:53:00,153.82,154.13,153.77,154.08,413.74325
843,2020-04-13,15:54:00,154.06,154.06,153.81,153.93,447.03793
844,2020-04-13,15:55:00,153.91,154.04,153.63,153.68,284.29534
845,2020-04-13,15:56:00,153.66,154.0,153.61,154.0,375.51909
846,2020-04-13,15:57:00,153.99,154.46,153.99,154.33,1332.22293
847,2020-04-13,15:58:00,154.3,154.43,154.12,154.13,787.94668
848,2020-04-13,15:59:00,154.15,154.25,153.92,154.01,1003.18701
849,2020-04-13,16:00:00,154.01,154.1,153.6,153.62,507.86295
850,2020-04-13,16:01:00,153.63,153.68,153.44,153.68,661.0191
851,2020-04-13,16:02:00,153.69,153.8,153.47,153.63,507.08016
852,2020-04-13,16:03:00,153.62,154.15,153.6,154.15,728.46008
853,2020-04-13,16:04:00,154.15,154.25,154.05,154.18,383.39635
854,2020-04-13,16:05:00,154.17,154.18,153.94,154.0,568.90823
855,2020-04-13,16:06:00,154.02,154.02,153.68,153.77,298.34587
856,2020-04-13,16:07:00,153.75,153.78,153.62,153.78,422.72435
857,2020-04-13,16:08:00,153.8,154.06,153.75,154.01,219.26747
858,2020-04-13,16:09:00,153.97,154.38,153.97,154.37,263.09376
859,2020-04-13,16:10:00,154.37,154.61,154.33,154.4,769.98672
860,2020-04-13,16:11:00,154.44,154.45,154.2,154.28,555.56826
861,2020-04-13,16:12:00,154.28,154.33,154.09,154.33,536.13409
862,2020-04-13,16:13:00,154.31,154.4,154.27,154.38,275.07575
863,2020-04-13,16:14:00,154.3,154.3,154.12,154.12,383.4351
864,2020-04-13,16:15:00,154.13,154.23,154.05,154.09,584.96914
865,2020-04-13,16:16:00,154.09,154.46,154.05,154.38,319.09779
866,2020-04-13,16:17:00,154.42,154.53,154.42,154.5,213.4652
867,2020-04-13,16:18:00,154.49,154.56,154.4,154.47,458.47294
868,2020-04-13,16:19:00,154.47,154.47,154.24,154.25,302.41938
869,2020-04-13,16:20:00,154.23,154.5,154.21,154.49,227.99651
870,2020-04-13,16:21:00,154.49,154.5,153.57,153.66,2817.41394
871,2020-04-13,16:22:00,153.65,153.81,153.54,153.75,1600.93726
872,2020-04-13,16:23:00,153.76,153.79,153.56,153.67,277.22722
873,2020-04-13,16:24:00,153.7,153.73,153.47,153.5,498.96414
874,2020-04-13,16:25:00,153.51,153.87,153.51,153.55,354.57804
875,2020-04-13,16:26:00,153.57,153.6,153.37,153.47,213.0506
876,2020-04-13,16:27:00,153.55,153.58,153.41,153.41,301.50037
877,2020-04-13,16:28:00,153.42,153.5,153.37,153.5,189.79528
878,2020-04-13,16:29:00,153.53,153.56,153.27,153.28,228.48545
879,2020-04-13,16:30:00,153.27,153.37,153.18,153.3,958.49544
880,2020-04-13,16:31:00,153.31,153.39,153.23,153.33,205.34495
881,2020-04-13,16:32:00,153.34,153.45,153.09,153.09,887.44058
882,2020-04-13,16:33:00,153.08,153.09,152.92,153.07,695.81194
883,2020-04-13,16:34:00,153.09,153.27,153.05,153.16,207.04492
884,2020-04-13,16:35:00,153.17,153.35,153.15,153.26,194.72996
885,2020-04-13,16:36:00,153.26,153.41,153.22,153.39,101.4615
886,2020-04-13,16:37:00,153.39,153.62,153.31,153.62,206.64301
887,2020-04-13,16:38:00,153.62,153.7,153.5,153.53,258.46461
888,2020-04-13,16:39:00,153.52,153.6,153.38,153.54,179.81441
889,2020-04-13,16:40:00,153.56,153.68,153.52,153.63,148.62892
890,2020-04-13,16:41:00,153.63,153.75,153.63,153.74,202.23583
891,2020-04-13,16:42:00,153.73,153.83,153.69,153.78,134.99319
892,2020-04-13,16:43:00,153.78,153.98,153.74,153.96,215.78579
893,2020-04-13,16:44:00,153.96,153.96,153.72,153.83,161.69683
894,2020-04-13,16:45:00,153.86,154.13,153.86,154.13,381.30426
895,2020-04-13,16:46:00,154.13,154.22,154.03,154.17,164.66551
896,2020-04-13,16:47:00,154.19,154.23,154.13,154.19,41.804
897,2020-04-13,16:48:00,154.19,154.31,154.17,154.26,332.68901
898,2020-04-13,16:49:00,154.25,154.31,153.88,153.9,622.84371
899,2020-04-13,16:50:00,153.9,153.9,153.61,153.62,281.74258
900,2020-04-13,16:51:00,153.61,153.71,153.57,153.58,133.89436
901,2020-04-13,16:52:00,153.61,153.75,153.57,153.75,219.36344
902,2020-04-13,16:53:00,153.74,153.78,153.56,153.7,354.10417
903,2020-04-13,16:54:00,153.68,153.78,153.54,153.59,149.37808
904,2020-04-13,16:55:00,153.57,153.63,153.51,153.53,110.10176
905,2020-04-13,16:56:00,153.52,153.61,153.41,153.52,187.0525
906,2020-04-13,16:57:00,153.52,153.67,153.44,153.65,354.23535
907,2020-04-13,16:58:00,153.63,153.85,153.59,153.72,199.93157
908,2020-04-13,16:59:00,153.74,153.74,153.52,153.68,204.7783
909,2020-04-13,17:00:00,153.66,153.68,153.4,153.47,391.18377
910,2020-04-13,17:01:00,153.47,153.59,153.44,153.54,77.71876
911,2020-04-13,17:02:00,153.52,153.59,153.44,153.49,248.47131
912,2020-04-13,17:03:00,153.47,153.52,153.33,153.47,622.93509
913,2020-04-13,17:04:00,153.42,153.55,153.41,153.55,215.91189
914,2020-04-13,17:05:00,153.56,153.82,153.55,153.82,176.46892
915,2020-04-13,17:06:00,153.81,153.93,153.74,153.89,277.51222
916,2020-04-13,17:07:00,153.89,153.94,153.81,153.82,230.36951
917,2020-04-13,17:08:00,153.82,153.9,153.72,153.87,244.92014
918,2020-04-13,17:09:00,153.86,153.9,153.73,153.89,184.12386
919,2020-04-13,17:10:00,153.9,153.93,153.63,153.66,232.38099
920,2020-04-13,17:11:00,153.66,153.66,153.53,153.6,204.25824
921,2020-04-13,17:12:00,153.64,153.87,153.64,153.82,128.53763
922,2020-04-13,17:13:00,153.84,154.06,153.81,154.0,89.23298
923,2020-04-13,17:14:00,153.98,154.15,153.98,154.07,216.97097
924,2020-04-13,17:15:00,154.06,154.22,154.04,154.04,265.60778
925,2020-04-13,17:16:00,154.03,154.06,153.95,153.96,116.97786
926,2020-04-13,17:17:00,153.94,153.96,153.77,153.87,371.12105
927,2020-04-13,17:18:00,153.84,154.05,153.81,154.04,83.32606
928,2020-04-13,17:19:00,154.01,154.17,154.01,154.17,173.08885
929,2020-04-13,17:20:00,154.15,154.24,154.14,154.14,102.20193
930,2020-04-13,17:21:00,154.11,154.11,153.97,154.05,169.12198
931,2020-04-13,17:22:00,154.06,154.2,153.98,154.1,372.85239
932,2020-04-13,17:23:00,154.1,154.13,154.0,154.04,74.5144
933,2020-04-13,17:24:00,154.04,154.13,154.0,154.11,138.3897
934,2020-04-13,17:25:00,154.1,154.21,154.08,154.16,257.31003
935,2020-04-13,17:26:00,154.09,154.1,153.87,153.91,191.3972
936,2020-04-13,17:27:00,153.9,154.05,153.81,154.05,127.60103
937,2020-04-13,17:28:00,154.04,154.05,153.95,154.03,248.42547
938,2020-04-13,17:29:00,154.04,154.09,153.85,153.85,432.78894
939,2020-04-13,17:30:00,153.85,154.0,153.83,153.99,149.96887
940,2020-04-13,17:31:00,154.0,154.2,153.99,154.2,394.70136
941,2020-04-13,17:32:00,154.2,154.26,154.11,154.14,175.77557
942,2020-04-13,17:33:00,154.15,154.4,154.15,154.4,429.26125
943,2020-04-13,17:34:00,154.39,154.39,154.23,154.24,324.14874
944,2020-04-13,17:35:00,154.25,154.25,154.11,154.17,91.69265
945,2020-04-13,17:36:00,154.12,154.26,153.96,154.23,274.48378
946,2020-04-13,17:37:00,154.21,154.33,154.16,154.22,90.35385
947,2020-04-13,17:38:00,154.19,154.27,154.17,154.21,83.38856
948,2020-04-13,17:39:00,154.23,154.3,154.15,154.21,104.42706
949,2020-04-13,17:40:00,154.16,154.16,153.97,153.99,248.13828
950,2020-04-13,17:41:00,154.02,154.2,154.02,154.19,112.19652
951,2020-04-13,17:42:00,154.15,154.2,154.04,154.11,199.92962
952,2020-04-13,17:43:00,154.09,154.1,153.87,153.96,467.38805
953,2020-04-13,17:44:00,153.97,153.99,153.84,153.95,531.69755
954,2020-04-13,17:45:00,153.9,154.04,153.83,153.99,564.72008
955,2020-04-13,17:46:00,153.98,153.99,153.72,153.79,343.2104
956,2020-04-13,17:47:00,153.77,153.81,153.59,153.64,431.9302
957,2020-04-13,17:48:00,153.66,153.78,153.6,153.74,88.58191
958,2020-04-13,17:49:00,153.73,153.79,153.6,153.64,89.79445
959,2020-04-13,17:50:00,153.64,153.75,153.61,153.68,97.19104
960,2020-04-13,17:51:00,153.66,153.73,153.59,153.7,125.16515
961,2020-04-13,17:52:00,153.71,153.81,153.67,153.74,180.67306
962,2020-04-13,17:53:00,153.76,153.82,153.74,153.82,24.67685
963,2020-04-13,17:54:00,153.83,153.93,153.82,153.93,126.6201
964,2020-04-13,17:55:00,153.92,154.04,153.89,153.95,99.26758
965,2020-04-13,17:56:00,153.95,154.07,153.91,153.91,169.30523
966,2020-04-13,17:57:00,153.94,154.07,153.92,154.03,215.69383
967,2020-04-13,17:58:00,154.03,154.07,153.59,153.62,730.22234
968,2020-04-13,17:59:00,153.61,153.71,153.51,153.56,442.58721
969,2020-04-13,18:00:00,153.59,153.8,153.58,153.8,199.13233
970,2020-04-13,18:01:00,153.77,154.15,153.76,153.87,1091.43944
971,2020-04-13,18:02:00,153.88,154.05,153.88,154.05,572.53556
972,2020-04-13,18:03:00,154.05,154.09,154.0,154.05,78.11795
973,2020-04-13,18:04:00,154.06,154.26,154.06,154.15,236.67001
974,2020-04-13,18:05:00,154.18,154.3,154.08,154.27,762.51819
975,2020-04-13,18:06:00,154.25,154.29,154.0,154.0,169.60174
976,2020-04-13,18:07:00,154.0,154.05,153.94,153.94,90.17686
977,2020-04-13,18:08:00,153.97,154.01,153.84,153.85,391.80379
978,2020-04-13,18:09:00,153.86,154.01,153.86,153.92,133.67478
979,2020-04-13,18:10:00,153.93,153.98,153.84,153.88,145.52172
980,2020-04-13,18:11:00,153.89,153.98,153.83,153.84,221.14872
981,2020-04-13,18:12:00,153.86,154.09,153.86,153.99,234.19458
982,2020-04-13,18:13:00,153.98,154.07,153.98,154.01,141.93372
983,2020-04-13,18:14:00,154.04,154.19,153.98,153.98,518.03492
984,2020-04-13,18:15:00,153.98,154.07,153.93,153.99,83.66631
985,2020-04-13,18:16:00,154.01,154.24,154.01,154.17,467.7211
986,2020-04-13,18:17:00,154.2,154.23,154.13,154.2,204.91777
987,2020-04-13,18:18:00,154.22,154.31,154.18,154.3,896.00386
988,2020-04-13,18:19:00,154.29,154.32,154.22,154.25,357.14258
989,2020-04-13,18:20:00,154.28,154.32,154.19,154.26,207.05199
990,2020-04-13,18:21:00,154.26,154.28,154.05,154.12,170.67141
991,2020-04-13,18:22:00,154.14,154.18,154.01,154.01,186.3209
992,2020-04-13,18:23:00,154.05,154.21,154.0,154.12,84.90603
993,2020-04-13,18:24:00,154.15,154.3,154.15,154.26,274.07876
994,2020-04-13,18:25:00,154.29,154.37,154.13,154.16,491.95219
995,2020-04-13,18:26:00,154.18,154.18,153.95,154.03,161.51207
996,2020-04-13,18:27:00,154.07,154.24,154.04,154.22,165.6843
997,2020-04-13,18:28:00,154.22,154.3,154.13,154.28,201.95556
998,2020-04-13,18:29:00,154.29,154.32,154.15,154.18,88.90952
999,2020-04-13,18:30:00,154.18,154.42,154.18,154.39,285.64658
1000,2020-04-13,18:31:00,154.38,154.47,154.21,154.25,351.93767
1001,2020-04-13,18:32:00,154.25,154.31,154.22,154.25,195.29775
1002,2020-04-13,18:33:00,154.25,154.37,154.25,154.3,158.13048
1003,2020-04-13,18:34:00,154.31,154.35,154.23,154.25,132.94162
1004,2020-04-13,18:35:00,154.26,154.34,154.22,154.24,271.74965
1005,2020-04-13,18:36:00,154.24,154.37,154.23,154.37,270.62528
1006,2020-04-13,18:37:00,154.34,154.42,154.26,154.39,77.83225
1007,2020-04-13,18:38:00,154.4,154.48,154.3,154.34,1007.22659
1008,2020-04-13,18:39:00,154.37,154.39,154.18,154.27,217.66185
1009,2020-04-13,18:40:00,154.3,154.36,154.26,154.34,240.29257
1010,2020-04-13,18:41:00,154.33,154.36,154.23,154.33,74.74994
1011,2020-04-13,18:42:00,154.35,154.43,154.31,154.39,364.34605
1012,2020-04-13,18:43:00,154.39,154.4,154.29,154.29,234.80169
1013,2020-04-13,18:44:00,154.29,154.35,154.25,154.29,215.81621
1014,2020-04-13,18:45:00,154.3,154.39,154.25,154.32,356.6287
1015,2020-04-13,18:46:00,154.34,154.34,153.99,154.02,486.27089
1016,2020-04-13,18:47:00,154.05,154.09,153.99,154.03,250.15478
1017,2020-04-13,18:48:00,154.01,154.25,154.01,154.16,339.10287
1018,2020-04-13,18:49:00,154.15,154.16,154.08,154.11,43.20683
1019,2020-04-13,18:50:00,154.12,154.12,154.0,154.08,115.2284
1020,2020-04-13,18:51:00,154.09,154.09,153.95,153.95,335.15769
1021,2020-04-13,18:52:00,153.97,154.07,153.88,153.98,512.47134
1022,2020-04-13,18:53:00,153.97,153.97,153.56,153.65,473.70468
1023,2020-04-13,18:54:00,153.63,153.82,153.6,153.7,265.54701
1024,2020-04-13,18:55:00,153.81,153.83,153.62,153.69,82.05768
1025,2020-04-13,18:56:00,153.72,153.82,153.72,153.75,140.76296
1026,2020-04-13,18:57:00,153.79,153.82,153.62,153.62,39.83519
1027,2020-04-13,18:58:00,153.63,153.84,153.62,153.77,291.57683
1028,2020-04-13,18:59:00,153.79,153.8,153.65,153.67,165.56015
1029,2020-04-13,19:00:00,153.71,154.07,153.71,154.02,305.71668
1030,2020-04-13,19:01:00,154.02,154.1,153.97,154.04,26.50271
1031,2020-04-13,19:02:00,154.03,154.16,154.02,154.07,110.88642
1032,2020-04-13,19:03:00,154.07,154.07,153.86,153.87,97.82872
1033,2020-04-13,19:04:00,153.87,153.94,153.77,153.92,108.80191
1034,2020-04-13,19:05:00,153.86,154.08,153.86,154.05,130.36146
1035,2020-04-13,19:06:00,154.09,154.15,154.04,154.04,112.54745
1036,2020-04-13,19:07:00,154.03,154.18,154.03,154.09,160.61195
1037,2020-04-13,19:08:00,154.08,154.18,154.06,154.09,258.0943
1038,2020-04-13,19:09:00,154.09,154.09,153.89,154.09,173.03563
1039,2020-04-13,19:10:00,154.08,154.2,154.04,154.2,313.21195
1040,2020-04-13,19:11:00,154.21,154.3,154.13,154.16,267.61596
1041,2020-04-13,19:12:00,154.19,154.4,154.19,154.4,282.37995
1042,2020-04-13,19:13:00,154.38,154.38,154.22,154.32,179.43537
1043,2020-04-13,19:14:00,154.29,154.31,154.16,154.21,199.36409
1044,2020-04-13,19:15:00,154.2,154.24,154.1,154.23,167.25728
1045,2020-04-13,19:16:00,154.27,154.42,154.27,154.38,242.61623
1046,2020-04-13,19:17:00,154.39,154.43,154.22,154.25,290.5347
1047,2020-04-13,19:18:00,154.25,154.4,154.22,154.34,1312.73109
1048,2020-04-13,19:19:00,154.31,154.45,154.31,154.45,229.45662
1049,2020-04-13,19:20:00,154.44,154.56,154.42,154.49,584.65572
1050,2020-04-13,19:21:00,154.49,154.62,154.32,154.36,516.77086
1051,2020-04-13,19:22:00,154.38,154.39,154.16,154.2,513.22922
1052,2020-04-13,19:23:00,154.2,154.31,154.2,154.29,139.43287
1053,2020-04-13,19:24:00,154.29,154.4,154.29,154.39,214.67451
1054,2020-04-13,19:25:00,154.35,154.37,154.21,154.24,64.09881
1055,2020-04-13,19:26:00,154.21,154.24,154.16,154.18,77.79133
1056,2020-04-13,19:27:00,154.2,154.46,154.2,154.35,537.73259
1057,2020-04-13,19:28:00,154.36,154.44,154.27,154.35,122.91555
1058,2020-04-13,19:29:00,154.35,154.54,154.33,154.53,207.05308
1059,2020-04-13,19:30:00,154.51,154.7,154.48,154.65,497.95981
1060,2020-04-13,19:31:00,154.68,154.7,154.55,154.66,353.23697
1061,2020-04-13,19:32:00,154.66,154.72,154.65,154.65,224.57309
1062,2020-04-13,19:33:00,154.65,154.66,154.39,154.41,625.90278
1063,2020-04-13,19:34:00,154.42,154.59,154.4,154.54,58.60499
1064,2020-04-13,19:35:00,154.55,154.67,154.53,154.59,326.98779
1065,2020-04-13,19:36:00,154.61,154.63,154.44,154.52,617.02436
1066,2020-04-13,19:37:00,154.56,154.68,154.56,154.64,180.98403
1067,2020-04-13,19:38:00,154.61,154.82,154.58,154.81,269.82606
1068,2020-04-13,19:39:00,154.82,154.87,154.59,154.78,444.52216
1069,2020-04-13,19:40:00,154.77,154.85,154.51,154.63,351.0597
1070,2020-04-13,19:41:00,154.63,154.85,154.59,154.78,266.27928
1071,2020-04-13,19:42:00,154.75,154.79,154.61,154.79,328.4374
1072,2020-04-13,19:43:00,154.76,154.87,154.75,154.84,892.31215
1073,2020-04-13,19:44:00,154.84,155.06,154.84,155.04,1597.78847
1074,2020-04-13,19:45:00,155.02,155.09,154.87,154.89,1156.20674
1075,2020-04-13,19:46:00,154.92,155.21,154.91,155.21,1062.69717
1076,2020-04-13,19:47:00,155.21,155.5,155.16,155.42,949.54572
1077,2020-04-13,19:48:00,155.45,155.46,155.08,155.18,1125.78845
1078,2020-04-13,19:49:00,155.15,155.16,154.94,155.03,296.72057
1079,2020-04-13,19:50:00,155.06,155.06,154.27,154.44,2039.43792
1080,2020-04-13,19:51:00,154.46,154.55,154.31,154.54,372.48182
1081,2020-04-13,19:52:00,154.55,154.75,154.55,154.69,223.23887
1082,2020-04-13,19:53:00,154.69,154.92,154.63,154.9,145.3096
1083,2020-04-13,19:54:00,154.9,155.05,154.8,154.8,729.59222
1084,2020-04-13,19:55:00,154.82,154.82,154.46,154.5,318.94719
1085,2020-04-13,19:56:00,154.51,154.53,154.37,154.51,224.51775
1086,2020-04-13,19:57:00,154.53,154.79,154.53,154.79,251.47105
1087,2020-04-13,19:58:00,154.8,154.89,154.72,154.73,101.59314
1088,2020-04-13,19:59:00,154.74,154.82,154.6,154.6,126.7059
1089,2020-04-13,20:00:00,154.62,155.65,154.62,155.57,1835.55813
1090,2020-04-13,20:01:00,155.52,155.76,155.32,155.43,793.3635
1091,2020-04-13,20:02:00,155.42,155.88,155.42,155.61,1153.60119
1092,2020-04-13,20:03:00,155.6,155.68,155.46,155.55,370.86992
1093,2020-04-13,20:04:00,155.55,155.66,155.27,155.36,471.43843
1094,2020-04-13,20:05:00,155.35,155.4,155.2,155.39,240.68713
1095,2020-04-13,20:06:00,155.4,155.64,155.38,155.64,251.18681
1096,2020-04-13,20:07:00,155.65,155.75,155.58,155.68,279.08083
1097,2020-04-13,20:08:00,155.66,155.71,155.44,155.46,363.19532
1098,2020-04-13,20:09:00,155.51,155.58,155.44,155.58,199.70772
1099,2020-04-13,20:10:00,155.55,155.79,155.51,155.69,643.91793
1100,2020-04-13,20:11:00,155.74,155.8,155.49,155.53,388.16993
1101,2020-04-13,20:12:00,155.58,155.77,155.5,155.71,733.98466
1102,2020-04-13,20:13:00,155.76,155.76,155.67,155.75,1266.29632
1103,2020-04-13,20:14:00,155.74,156.06,155.72,156.0,1627.37206
1104,2020-04-13,20:15:00,155.99,156.08,155.88,155.88,481.36916
1105,2020-04-13,20:16:00,155.93,155.93,155.7,155.76,176.32911
1106,2020-04-13,20:17:00,155.77,155.99,155.77,155.93,157.65527
1107,2020-04-13,20:18:00,155.93,155.96,155.73,155.73,377.78521
1108,2020-04-13,20:19:00,155.74,155.74,155.6,155.66,661.0153
1109,2020-04-13,20:20:00,155.67,155.68,155.58,155.6,151.59759
1110,2020-04-13,20:21:00,155.59,155.62,155.52,155.56,203.50957
1111,2020-04-13,20:22:00,155.59,155.84,155.58,155.76,859.0894
1112,2020-04-13,20:23:00,155.77,156.45,155.77,156.07,1760.03795
1113,2020-04-13,20:24:00,156.09,156.31,156.01,156.17,1107.23824
1114,2020-04-13,20:25:00,156.19,156.19,155.87,156.09,1146.40048
1115,2020-04-13,20:26:00,156.1,156.18,156.01,156.14,332.82514
1116,2020-04-13,20:27:00,156.13,156.17,155.9,156.01,399.70341
1117,2020-04-13,20:28:00,156.01,156.06,155.94,156.06,278.86363
1118,2020-04-13,20:29:00,156.06,156.1,155.89,156.03,264.16561
1119,2020-04-13,20:30:00,156.05,156.24,156.03,156.2,756.06227
1120,2020-04-13,20:31:00,156.2,156.23,156.12,156.23,414.97201
1121,2020-04-13,20:32:00,156.23,156.25,156.03,156.04,416.79353
1122,2020-04-13,20:33:00,156.04,156.13,155.92,155.94,215.06088
1123,2020-04-13,20:34:00,155.94,155.94,155.62,155.68,903.6756
1124,2020-04-13,20:35:00,155.7,155.86,155.69,155.86,213.31649
1125,2020-04-13,20:36:00,155.87,155.89,155.71,155.71,165.87023
1126,2020-04-13,20:37:00,155.73,155.88,155.72,155.83,222.78439
1127,2020-04-13,20:38:00,155.83,155.93,155.83,155.92,220.36581
1128,2020-04-13,20:39:00,155.93,155.93,155.74,155.78,302.18413
1129,2020-04-13,20:40:00,155.77,155.77,155.65,155.69,166.53453
1130,2020-04-13,20:41:00,155.68,155.74,155.48,155.58,377.67082
1131,2020-04-13,20:42:00,155.55,155.56,155.47,155.52,280.58655
1132,2020-04-13,20:43:00,155.52,155.52,155.46,155.47,170.05206
1133,2020-04-13,20:44:00,155.49,155.64,155.45,155.62,511.66146
1134,2020-04-13,20:45:00,155.62,155.62,155.57,155.6,119.12314
1135,2020-04-13,20:46:00,155.6,155.62,155.44,155.56,582.42095
1136,2020-04-13,20:47:00,155.57,155.69,155.57,155.65,170.83217
1137,2020-04-13,20:48:00,155.65,155.8,155.65,155.68,386.82182
1138,2020-04-13,20:49:00,155.66,155.79,155.64,155.68,197.6042
1139,2020-04-13,20:50:00,155.67,155.8,155.65,155.79,124.03933
1140,2020-04-13,20:51:00,155.8,155.84,155.72,155.76,217.00683
1141,2020-04-13,20:52:00,155.75,155.84,155.73,155.82,179.4218
1142,2020-04-13,20:53:00,155.82,155.88,155.82,155.85,110.7005
1143,2020-04-13,20:54:00,155.84,156.49,155.84,156.26,2105.30944
1144,2020-04-13,20:55:00,156.26,156.41,156.26,156.3,354.00152
1145,2020-04-13,20:56:00,156.28,156.44,156.28,156.32,257.10967
1146,2020-04-13,20:57:00,156.33,156.33,156.2,156.25,492.4438
1147,2020-04-13,20:58:00,156.27,156.27,156.14,156.18,189.71483
1148,2020-04-13,20:59:00,156.19,156.29,156.13,156.25,152.73418
1149,2020-04-13,21:00:00,156.26,157.32,156.26,156.89,7757.88092
1150,2020-04-13,21:01:00,156.88,157.89,156.86,157.62,3970.65614
1151,2020-04-13,21:02:00,157.61,158.5,157.55,158.03,7782.75149
1152,2020-04-13,21:03:00,158.03,158.5,158.0,158.13,2493.61173
1153,2020-04-13,21:04:00,158.11,158.35,157.91,158.26,1636.23632
1154,2020-04-13,21:05:00,158.27,158.48,158.26,158.38,1159.00272
1155,2020-04-13,21:06:00,158.38,158.41,158.28,158.28,1195.00382
1156,2020-04-13,21:07:00,158.28,158.31,158.07,158.12,1805.27285
1157,2020-04-13,21:08:00,158.1,158.19,157.71,157.72,1003.81782
1158,2020-04-13,21:09:00,157.72,157.75,157.61,157.71,753.90528
1159,2020-04-13,21:10:00,157.69,158.18,157.67,158.18,1019.14626
1160,2020-04-13,21:11:00,158.18,158.24,158.05,158.12,453.96011
1161,2020-04-13,21:12:00,158.11,158.14,158.1,158.13,205.11805
1162,2020-04-13,21:13:00,158.14,158.22,158.13,158.17,571.02309
1163,2020-04-13,21:14:00,158.18,158.21,158.15,158.2,323.88734
1164,2020-04-13,21:15:00,158.2,158.2,157.78,157.81,889.92233
1165,2020-04-13,21:16:00,157.77,157.94,157.72,157.9,629.97074
1166,2020-04-13,21:17:00,157.9,158.1,157.86,158.05,672.41012
1167,2020-04-13,21:18:00,158.05,158.29,158.05,158.29,871.29108
1168,2020-04-13,21:19:00,158.27,158.47,158.22,158.44,699.74862
1169,2020-04-13,21:20:00,158.45,158.97,158.45,158.95,1643.08852
1170,2020-04-13,21:21:00,158.93,158.95,158.44,158.44,985.73695
1171,2020-04-13,21:22:00,158.44,158.45,158.28,158.38,649.30332
1172,2020-04-13,21:23:00,158.38,158.66,158.34,158.57,473.64174
1173,2020-04-13,21:24:00,158.55,158.75,158.52,158.58,1335.57994
1174,2020-04-13,21:25:00,158.55,158.6,158.49,158.5,481.26004
1175,2020-04-13,21:26:00,158.5,158.54,158.16,158.16,843.82449
1176,2020-04-13,21:27:00,158.21,158.22,157.95,157.98,580.64552
1177,2020-04-13,21:28:00,157.98,158.0,157.85,157.88,595.05734
1178,2020-04-13,21:29:00,157.87,157.9,157.81,157.82,194.60294
1179,2020-04-13,21:30:00,157.81,158.0,157.8,157.98,689.73588
1180,2020-04-13,21:31:00,158.0,158.03,157.95,157.96,285.63897
1181,2020-04-13,21:32:00,157.95,157.98,157.78,157.79,343.9138
1182,2020-04-13,21:33:00,157.79,157.8,157.29,157.38,1741.51121
1183,2020-04-13,21:34:00,157.37,157.54,157.29,157.51,493.12131
1184,2020-04-13,21:35:00,157.51,157.61,157.48,157.6,744.02385
1185,2020-04-13,21:36:00,157.61,157.61,157.42,157.47,212.34275
1186,2020-04-13,21:37:00,157.47,157.47,157.33,157.34,222.14472
1187,2020-04-13,21:38:00,157.33,157.42,157.3,157.33,154.97533
1188,2020-04-13,21:39:00,157.35,157.35,157.27,157.27,191.8143
1189,2020-04-13,21:40:00,157.27,157.3,157.05,157.2,1293.88833
1190,2020-04-13,21:41:00,157.2,157.2,156.94,156.97,618.10188
1191,2020-04-13,21:42:00,157.02,157.42,156.98,157.42,859.56243
1192,2020-04-13,21:43:00,157.43,157.91,157.42,157.7,2014.70257
1193,2020-04-13,21:44:00,157.73,157.81,157.71,157.75,326.08763
1194,2020-04-13,21:45:00,157.75,157.77,157.71,157.75,300.40359
1195,2020-04-13,21:46:00,157.76,157.8,157.71,157.74,396.85792
1196,2020-04-13,21:47:00,157.74,157.74,157.42,157.42,492.43843
1197,2020-04-13,21:48:00,157.44,157.45,157.31,157.36,212.07894
1198,2020-04-13,21:49:00,157.36,157.37,157.18,157.23,485.01835
1199,2020-04-13,21:50:00,157.22,157.24,157.14,157.15,118.9112
1200,2020-04-13,21:51:00,157.14,157.14,156.25,156.25,1856.19056
1201,2020-04-13,21:52:00,156.24,156.42,155.79,156.0,2748.12559
1202,2020-04-13,21:53:00,156.0,156.45,155.91,156.45,680.92962
1203,2020-04-13,21:54:00,156.47,156.88,156.44,156.59,1189.70243
1204,2020-04-13,21:55:00,156.59,156.59,156.42,156.49,203.25457
1205,2020-04-13,21:56:00,156.47,156.54,156.39,156.5,365.94651
1206,2020-04-13,21:57:00,156.53,156.81,156.5,156.72,493.37943
1207,2020-04-13,21:58:00,156.72,156.72,156.28,156.28,285.60886
1208,2020-04-13,21:59:00,156.26,156.42,156.2,156.36,420.1006
1209,2020-04-13,22:00:00,156.35,157.78,156.34,157.51,1790.64846
1210,2020-04-13,22:01:00,157.47,158.5,157.41,158.11,1681.52901
1211,2020-04-13,22:02:00,158.16,158.16,157.73,157.75,644.39528
1212,2020-04-13,22:03:00,157.76,157.93,157.58,157.58,362.17168
1213,2020-04-13,22:04:00,157.6,157.76,157.5,157.5,259.38537
1214,2020-04-13,22:05:00,157.5,157.58,157.4,157.5,443.26696
1215,2020-04-13,22:06:00,157.5,157.68,157.48,157.51,436.61167
1216,2020-04-13,22:07:00,157.5,157.5,157.32,157.4,286.45531
1217,2020-04-13,22:08:00,157.41,157.58,157.41,157.5,742.23024
1218,2020-04-13,22:09:00,157.5,157.66,157.49,157.63,299.83622
1219,2020-04-13,22:10:00,157.66,157.7,157.36,157.44,287.43812
1220,2020-04-13,22:11:00,157.45,157.51,157.3,157.38,215.51722
1221,2020-04-13,22:12:00,157.4,157.43,157.3,157.31,297.56638
1222,2020-04-13,22:13:00,157.32,157.38,157.22,157.28,184.95631
1223,2020-04-13,22:14:00,157.26,157.26,157.07,157.18,593.42817
1224,2020-04-13,22:15:00,157.2,157.35,157.16,157.25,1099.6333
1225,2020-04-13,22:16:00,157.23,157.27,156.69,157.03,2169.46587
1226,2020-04-13,22:17:00,157.03,157.32,156.34,156.35,1238.07462
1227,2020-04-13,22:18:00,156.34,156.87,156.33,156.73,1158.40486
1228,2020-04-13,22:19:00,156.74,156.85,156.54,156.54,357.53925
1229,2020-04-13,22:20:00,156.51,156.89,156.51,156.84,871.30763
1230,2020-04-13,22:21:00,156.86,157.11,156.85,157.11,840.33634
1231,2020-04-13,22:22:00,157.1,157.1,156.8,156.83,887.27831
1232,2020-04-13,22:23:00,156.87,157.17,156.85,157.09,338.75711
1233,2020-04-13,22:24:00,157.05,157.18,156.9,156.91,405.85203
1234,2020-04-13,22:25:00,156.93,157.08,156.86,156.86,171.11729
1235,2020-04-13,22:26:00,156.9,156.96,156.82,156.91,83.56067
1236,2020-04-13,22:27:00,156.89,156.99,156.7,156.75,145.92046
1237,2020-04-13,22:28:00,156.74,156.82,156.64,156.74,100.52203
1238,2020-04-13,22:29:00,156.75,156.92,156.75,156.85,392.22494
1239,2020-04-13,22:30:00,156.88,157.18,156.87,157.15,196.27046
1240,2020-04-13,22:31:00,157.17,157.54,157.14,157.45,602.69097
1241,2020-04-13,22:32:00,157.46,157.66,157.39,157.52,404.79555
1242,2020-04-13,22:33:00,157.47,157.48,157.34,157.44,123.97452
1243,2020-04-13,22:34:00,157.44,157.44,157.28,157.37,181.49126
1244,2020-04-13,22:35:00,157.37,157.4,157.2,157.2,137.39554
1245,2020-04-13,22:36:00,157.19,157.34,157.16,157.34,216.96281
1246,2020-04-13,22:37:00,157.3,157.39,157.22,157.39,398.59213
1247,2020-04-13,22:38:00,157.37,157.42,157.11,157.12,248.96487
1248,2020-04-13,22:39:00,157.1,157.27,157.07,157.16,193.61029
1249,2020-04-13,22:40:00,157.19,157.36,157.14,157.29,592.56403
1250,2020-04-13,22:41:00,157.29,157.37,157.25,157.36,107.11904
1251,2020-04-13,22:42:00,157.36,157.43,157.33,157.41,265.49922
1252,2020-04-13,22:43:00,157.41,157.72,157.38,157.53,1233.56448
1253,2020-04-13,22:44:00,157.55,157.7,157.55,157.68,178.84783
1254,2020-04-13,22:45:00,157.65,157.68,157.42,157.57,446.92326
1255,2020-04-13,22:46:00,157.61,157.61,157.43,157.53,168.84749
1256,2020-04-13,22:47:00,157.53,157.53,157.2,157.22,663.96389
1257,2020-04-13,22:48:00,157.24,157.43,157.23,157.39,142.68378
1258,2020-04-13,22:49:00,157.38,157.41,157.32,157.36,99.68927
1259,2020-04-13,22:50:00,157.35,157.38,157.21,157.22,142.68443
1260,2020-04-13,22:51:00,157.23,157.48,157.21,157.44,329.5158
1261,2020-04-13,22:52:00,157.45,157.59,157.45,157.47,116.45649
1262,2020-04-13,22:53:00,157.48,157.69,157.48,157.65,325.04653
1263,2020-04-13,22:54:00,157.68,157.81,157.66,157.7,167.57267
1264,2020-04-13,22:55:00,157.73,157.85,157.69,157.7,354.92079
1265,2020-04-13,22:56:00,157.69,157.83,157.69,157.74,248.46038
1266,2020-04-13,22:57:00,157.78,157.99,157.78,157.98,465.41486
1267,2020-04-13,22:58:00,157.92,157.97,157.55,157.7,254.3278
1268,2020-04-13,22:59:00,157.66,157.91,157.65,157.78,439.67944
1269,2020-04-13,23:00:00,157.75,158.37,157.74,158.23,4444.75461
1270,2020-04-13,23:01:00,158.27,158.4,158.18,158.28,1000.00353
1271,2020-04-13,23:02:00,158.24,158.35,158.21,158.33,436.44838
1272,2020-04-13,23:03:00,158.31,158.38,158.14,158.14,703.75307
1273,2020-04-13,23:04:00,158.14,158.14,157.48,157.57,1592.54265
1274,2020-04-13,23:05:00,157.62,158.03,157.6,158.02,589.41334
1275,2020-04-13,23:06:00,158.02,158.12,157.9,157.94,643.1841
1276,2020-04-13,23:07:00,157.88,157.96,157.75,157.75,93.06676
1277,2020-04-13,23:08:00,157.74,157.81,157.7,157.7,142.91113
1278,2020-04-13,23:09:00,157.71,157.72,157.35,157.39,580.79266
1279,2020-04-13,23:10:00,157.37,157.63,157.37,157.57,406.90524
1280,2020-04-13,23:11:00,157.54,157.57,157.43,157.55,102.05572
1281,2020-04-13,23:12:00,157.51,157.56,157.35,157.42,346.88879
1282,2020-04-13,23:13:00,157.38,157.39,157.21,157.31,262.53941
1283,2020-04-13,23:14:00,157.23,157.27,157.02,157.03,296.71574
1284,2020-04-13,23:15:00,157.03,157.2,157.03,157.14,216.22814
1285,2020-04-13,23:16:00,157.15,157.52,157.14,157.51,369.89088
1286,2020-04-13,23:17:00,157.51,157.55,157.4,157.42,457.14424
1287,2020-04-13,23:18:00,157.42,157.61,157.42,157.54,538.51987
1288,2020-04-13,23:19:00,157.59,157.85,157.53,157.7,530.4907
1289,2020-04-13,23:20:00,157.66,157.72,157.5,157.56,457.79559
1290,2020-04-13,23:21:00,157.56,157.61,157.38,157.43,256.7601
1291,2020-04-13,23:22:00,157.42,157.45,157.3,157.33,161.83399
1292,2020-04-13,23:23:00,157.33,157.39,157.2,157.2,190.9309
1293,2020-04-13,23:24:00,157.19,157.2,157.14,157.17,148.07332
1294,2020-04-13,23:25:00,157.16,157.37,157.16,157.33,321.49811
1295,2020-04-13,23:26:00,157.33,157.54,157.33,157.39,143.82542
1296,2020-04-13,23:27:00,157.39,157.42,156.77,156.86,966.38476
1297,2020-04-13,23:28:00,156.89,156.92,156.77,156.83,199.49325
1298,2020-04-13,23:29:00,156.83,156.83,156.8,156.83,269.13365
1299,2020-04-13,23:30:00,156.83,156.93,156.53,156.54,1163.78723
1300,2020-04-13,23:31:00,156.54,156.68,156.51,156.58,218.22117
1301,2020-04-13,23:32:00,156.59,156.63,156.25,156.48,2547.07303
1302,2020-04-13,23:33:00,156.49,156.56,156.21,156.42,529.70435
1303,2020-04-13,23:34:00,156.43,156.57,156.38,156.55,450.6519
1304,2020-04-13,23:35:00,156.57,156.77,156.57,156.74,391.14742
1305,2020-04-13,23:36:00,156.71,156.85,156.67,156.77,302.06672
1306,2020-04-13,23:37:00,156.73,156.78,156.65,156.68,232.48022
1307,2020-04-13,23:38:00,156.66,156.75,156.6,156.68,185.68475
1308,2020-04-13,23:39:00,156.67,156.76,156.66,156.68,99.60531
1309,2020-04-13,23:40:00,156.68,156.68,156.55,156.55,462.34853
1310,2020-04-13,23:41:00,156.56,156.56,156.19,156.26,1150.72876
1311,2020-04-13,23:42:00,156.24,156.33,156.21,156.31,156.30491
1312,2020-04-13,23:43:00,156.32,156.66,156.31,156.6,616.42109
1313,2020-04-13,23:44:00,156.6,156.7,156.46,156.55,409.66179
1314,2020-04-13,23:45:00,156.54,156.71,156.52,156.69,68.67798
1315,2020-04-13,23:46:00,156.71,156.75,156.61,156.7,172.76554
1316,2020-04-13,23:47:00,156.66,156.73,156.66,156.7,84.23211
1317,2020-04-13,23:48:00,156.75,156.86,156.71,156.73,478.99651
1318,2020-04-13,23:49:00,156.75,156.83,156.68,156.76,172.04339
1319,2020-04-13,23:50:00,156.75,156.81,156.64,156.66,184.35882
1320,2020-04-13,23:51:00,156.64,156.67,156.64,156.65,14.8439
1321,2020-04-13,23:52:00,156.64,156.66,156.49,156.53,584.49634
1322,2020-04-13,23:53:00,156.52,156.55,156.22,156.24,407.74719
1323,2020-04-13,23:54:00,156.24,156.26,156.16,156.18,308.95501
1324,2020-04-13,23:55:00,156.22,156.33,156.14,156.19,327.64045
1325,2020-04-13,23:56:00,156.19,156.5,156.19,156.42,484.33678
1326,2020-04-13,23:57:00,156.47,156.5,156.42,156.45,320.29439
1327,2020-04-13,23:58:00,156.45,156.49,156.33,156.47,303.4255
1328,2020-04-13,23:59:00,156.46,156.46,156.28,156.29,253.85924
1329,2020-04-14,00:00:00,156.28,156.9,156.27,156.89,774.50801
1330,2020-04-14,00:01:00,156.89,157.0,156.77,156.95,1429.91225
1331,2020-04-14,00:02:00,156.96,157.08,156.96,157.06,325.5482
1332,2020-04-14,00:03:00,157.08,157.36,157.06,157.16,713.82901
1333,2020-04-14,00:04:00,157.15,157.45,157.12,157.44,551.03552
1334,2020-04-14,00:05:00,157.42,157.45,156.95,156.96,917.99271
1335,2020-04-14,00:06:00,156.96,156.96,156.5,156.79,2567.04039
1336,2020-04-14,00:07:00,156.83,156.9,156.77,156.89,226.39542
1337,2020-04-14,00:08:00,156.89,157.02,156.85,156.9,383.66502
1338,2020-04-14,00:09:00,156.91,156.95,156.82,156.89,193.7536
1339,2020-04-14,00:10:00,156.87,157.02,156.87,157.02,48.2323
1340,2020-04-14,00:11:00,157.01,157.27,157.01,157.23,233.16341
1341,2020-04-14,00:12:00,157.2,157.24,157.12,157.19,273.89131
1342,2020-04-14,00:13:00,157.19,157.26,157.18,157.24,125.58333
1343,2020-04-14,00:14:00,157.23,157.38,157.1,157.33,802.02046
1344,2020-04-14,00:15:00,157.35,157.52,157.32,157.37,487.00757
1345,2020-04-14,00:16:00,157.39,157.4,157.08,157.08,305.58749
1346,2020-04-14,00:17:00,157.1,157.11,157.0,157.06,365.07275
1347,2020-04-14,00:18:00,157.09,157.13,156.87,156.9,586.01093
1348,2020-04-14,00:19:00,156.9,156.97,156.81,156.97,267.71712
1349,2020-04-14,00:20:00,156.94,156.98,156.86,156.92,52.49398
1350,2020-04-14,00:21:00,156.93,156.94,156.77,156.77,266.3584
1351,2020-04-14,00:22:00,156.76,156.83,156.54,156.83,1071.66375
1352,2020-04-14,00:23:00,156.82,156.82,156.65,156.79,128.22299
1353,2020-04-14,00:24:00,156.79,157.12,156.79,156.99,551.5009
1354,2020-04-14,00:25:00,156.98,157.02,156.88,156.92,224.29072
1355,2020-04-14,00:26:00,156.9,156.92,156.78,156.78,220.81172
1356,2020-04-14,00:27:00,156.78,156.79,156.65,156.77,302.24045
1357,2020-04-14,00:28:00,156.77,156.86,156.76,156.79,125.32912
1358,2020-04-14,00:29:00,156.79,156.94,156.71,156.73,249.70002
1359,2020-04-14,00:30:00,156.71,156.77,156.55,156.61,308.12752
1360,2020-04-14,00:31:00,156.61,156.82,156.52,156.82,294.39354
1361,2020-04-14,00:32:00,156.82,156.82,156.64,156.64,87.03336
1362,2020-04-14,00:33:00,156.63,156.89,156.63,156.7,317.26985
1363,2020-04-14,00:34:00,156.68,156.71,156.59,156.67,415.43765
1364,2020-04-14,00:35:00,156.67,156.94,156.67,156.89,551.62927
1365,2020-04-14,00:36:00,156.89,157.01,156.85,157.01,381.9481
1366,2020-04-14,00:37:00,157.01,157.01,156.88,156.91,504.36701
1367,2020-04-14,00:38:00,156.91,157.0,156.83,156.89,297.87892
1368,2020-04-14,00:39:00,156.88,156.88,156.5,156.51,374.30815
1369,2020-04-14,00:40:00,156.55,156.58,156.43,156.54,246.96615
1370,2020-04-14,00:41:00,156.54,156.64,156.45,156.46,168.74027
1371,2020-04-14,00:42:00,156.45,156.49,156.27,156.28,332.60295
1372,2020-04-14,00:43:00,156.29,156.53,156.29,156.53,418.59554
1373,2020-04-14,00:44:00,156.52,156.52,156.41,156.47,141.40343
1374,2020-04-14,00:45:00,156.45,156.5,156.19,156.22,281.79709
1375,2020-04-14,00:46:00,156.21,156.25,156.0,156.05,645.88945
1376,2020-04-14,00:47:00,156.01,156.13,155.68,156.11,1355.05653
1377,2020-04-14,00:48:00,156.11,156.3,155.99,156.21,779.33015
1378,2020-04-14,00:49:00,156.2,156.23,156.01,156.03,181.88744
1379,2020-04-14,00:50:00,156.01,156.28,156.01,156.27,205.06659
1380,2020-04-14,00:51:00,156.27,156.33,156.13,156.31,538.15696
1381,2020-04-14,00:52:00,156.34,156.38,156.25,156.28,192.5442
1382,2020-04-14,00:53:00,156.25,156.48,156.24,156.42,397.63008
1383,2020-04-14,00:54:00,156.37,156.42,156.32,156.42,111.95495
1384,2020-04-14,00:55:00,156.41,156.41,156.11,156.11,338.31858
1385,2020-04-14,00:56:00,156.13,156.13,155.93,155.93,218.65306
1386,2020-04-14,00:57:00,155.93,156.0,155.83,155.95,176.93421
1387,2020-04-14,00:58:00,155.95,156.01,155.84,156.01,155.85228
1388,2020-04-14,00:59:00,156.02,156.1,155.87,155.93,179.63092
1389,2020-04-14,01:00:00,155.91,155.99,155.76,155.76,121.22637
1390,2020-04-14,01:01:00,155.75,155.75,155.61,155.65,230.35735
1391,2020-04-14,01:02:00,155.66,155.87,155.66,155.86,163.52874
1392,2020-04-14,01:03:00,155.88,155.94,155.75,155.78,449.3728
1393,2020-04-14,01:04:00,155.76,155.85,155.67,155.75,227.63998
1394,2020-04-14,01:05:00,155.73,155.83,155.7,155.71,147.36484
1395,2020-04-14,01:06:00,155.7,155.7,155.4,155.43,617.75542
1396,2020-04-14,01:07:00,155.47,155.7,155.45,155.7,612.77135
1397,2020-04-14,01:08:00,155.7,155.89,155.69,155.79,379.24403
1398,2020-04-14,01:09:00,155.82,155.83,155.68,155.69,65.1533
1399,2020-04-14,01:10:00,155.69,155.72,155.64,155.64,63.81724
1400,2020-04-14,01:11:00,155.64,155.71,155.59,155.71,219.1713
1401,2020-04-14,01:12:00,155.73,155.96,155.73,155.96,205.04046
1402,2020-04-14,01:13:00,155.95,155.96,155.85,155.88,200.74466
1403,2020-04-14,01:14:00,155.88,155.89,155.79,155.79,82.75452
1404,2020-04-14,01:15:00,155.79,155.89,155.75,155.87,78.32441
1405,2020-04-14,01:16:00,155.84,155.92,155.84,155.91,132.26115
1406,2020-04-14,01:17:00,155.92,156.07,155.92,156.06,493.82668
1407,2020-04-14,01:18:00,156.06,156.06,155.88,156.0,118.98194
1408,2020-04-14,01:19:00,155.99,156.21,155.97,156.2,393.23386
1409,2020-04-14,01:20:00,156.21,156.46,156.2,156.43,1206.68578
1410,2020-04-14,01:21:00,156.44,156.44,156.3,156.35,478.25997
1411,2020-04-14,01:22:00,156.34,156.58,156.32,156.5,480.73015
1412,2020-04-14,01:23:00,156.48,156.58,156.45,156.47,81.84548
1413,2020-04-14,01:24:00,156.47,156.56,156.39,156.42,520.79352
1414,2020-04-14,01:25:00,156.42,156.5,156.23,156.41,1544.25991
1415,2020-04-14,01:26:00,156.41,156.42,156.22,156.25,111.00716
1416,2020-04-14,01:27:00,156.26,156.38,156.23,156.3,197.2572
1417,2020-04-14,01:28:00,156.29,156.29,156.17,156.17,366.60174
1418,2020-04-14,01:29:00,156.19,156.37,156.16,156.22,527.08349
1419,2020-04-14,01:30:00,156.19,156.48,156.18,156.42,292.59641
1420,2020-04-14,01:31:00,156.42,156.47,156.35,156.39,248.52536
1421,2020-04-14,01:32:00,156.41,156.49,156.41,156.48,157.42604
1422,2020-04-14,01:33:00,156.45,156.78,156.45,156.77,918.25045
1423,2020-04-14,01:34:00,156.77,156.88,156.64,156.66,788.5084
1424,2020-04-14,01:35:00,156.67,156.67,156.6,156.6,126.71886
1425,2020-04-14,01:36:00,156.61,156.75,156.6,156.75,310.2285
1426,2020-04-14,01:37:00,156.75,156.97,156.75,156.87,983.41715
1427,2020-04-14,01:38:00,156.85,156.92,156.76,156.8,548.83444
1428,2020-04-14,01:39:00,156.77,156.77,156.55,156.57,319.05861
1429,2020-04-14,01:40:00,156.53,156.81,156.53,156.78,117.08259
1430,2020-04-14,01:41:00,156.79,156.84,156.69,156.75,267.99976
1431,2020-04-14,01:42:00,156.77,156.88,156.67,156.88,121.075
1432,2020-04-14,01:43:00,156.87,156.87,156.63,156.73,188.85482
1433,2020-04-14,01:44:00,156.74,156.83,156.7,156.82,73.08623
1434,2020-04-14,01:45:00,156.83,157.06,156.83,157.06,399.82749
1435,2020-04-14,01:46:00,157.07,157.07,156.93,156.93,139.93422
1436,2020-04-14,01:47:00,156.93,156.94,156.75,156.84,155.03296
1437,2020-04-14,01:48:00,156.81,157.05,156.81,157.05,249.55485
1438,2020-04-14,01:49:00,157.04,157.08,157.01,157.07,240.65786
1439,2020-04-14,01:50:00,157.07,157.15,156.85,156.85,233.01158
